year,County,Females (Age 0-11),Females (Age 12-17),Females (Age 18-39),Females (Age >40),Total Female,Males (Age 0-11),Males (Age 12-17),Males (Age 18-39),Males (Age >40),Total Male,SRS_AG_ASSLT,SRS_ARSON,SRS_BURGLARY,SRS_MURDER,SRS_MVT,SRS_RAPE,SRS_ROBBERY,SRS_THEFT,SRS_TOTAL,NIB_ARSON,NIB_ASSAULT,NIB_BRIBERY,NIB_BURGLARY,NIB_DESTPROP,NIB_DRUGVIOL,NIB_EXTORTION,NIB_FORGERY,NIB_FSEX,NIB_GAMBVIOL,NIB_HTRFFCKNG,NIB_KIDNAP,NIB_MNSLGHTR,NIB_MURDER,NIB_NFSEX,NIB_PORN,NIB_PROPTOT,NIB_PROST,NIB_PRSNTOT,NIB_ROBBERY,NIB_SCTYTOT,NIB_THEFT,NIB_TOTAL,NIB_VIOLNCO,NIB_WEAPVIOL,ARR_AG_ASSLT,ARR_ARSON,ARR_BURGLARY,ARR_DRUG_CR,ARR_MURDER,ARR_MVT,ARR_OTHCRIME,ARR_RAPE,ARR_ROBBERY,ARR_THEFT,ARR_TOTAL,ARN_ARSON,ARN_ASSAULT,ARN_BRIBERY,ARN_BURGLARY,ARN_DESTPROP,ARN_DRUGVIOL,ARN_EXTORTION,ARN_FORGERY,ARN_FSEX,ARN_GAMBVIOL,ARN_GROUP_B,ARN_HTRFFCKNG,ARN_KIDNAP,ARN_MNSLGHTR,ARN_MURDER,ARN_NFSEX,ARN_PORN,ARN_PROST,ARN_ROBBERY,ARN_THEFT,ARN_TOTAL,ARN_VIOLNCO,ARN_WEAPVIOL,JDP_TOTALADP,JST_UNKNOWN,JRR_AG_ASSLT,JRR_ARSON,JRR_BURGLARY,JRR_DRUG_CR,JRR_MURDER,JRR_MVT,JRR_OTHFELCRIME,JRR_RAPE,JRR_ROBBERY,JRR_THEFT,JRR_TOTAL,JRN_ARSON,JRN_ASSAULT,JRN_BURGLARY,JRN_DESTPROP,JRN_DRUGVIOL,JRN_EXTORTION,JRN_FORGERY,JRN_FSEX,JRN_GROUP_B,JRN_KIDNAP,JRN_MNSLGHTR,JRN_MURDER,JRN_NFSEX,JRN_PORN,JRN_PROST,JRN_ROBBERY,JRN_THEFT,JRN_TOTAL,JRN_VIOLNCO,JRN_WEAPVIOL,JAD_DOC_ADM,JAD_NEW_ADM,JAD_READM,JAD_PAROLE_R,JAD_TOTAL,Total Population
2010,ADAMS,1879,874,2464,3724,8943,2007,980,2743,3628,9357,37,6,229,1,72,8,10,566,929,0,0,0,0,0,0,0,0,0,0,0,0,0,0,0,0,0,0,0,0,0,0,0,0,0,14,0,17,42,0,4,597,2,8,77,761,0,0,0,0,0,0,0,0,0,0,0,0,0,0,0,0,0,0,0,0,0,0,0,27.0,0,6,0,13,20,1,20,138,1,3,33,235,0,0,0,0,0,0,0,0,0,0,0,0,0,0,0,0,0,0,0,0,1,2,1,1,4,18300
2011,ADAMS,2172,964,2693,3462,9292,2341,1055,2853,3409,9658,39,9,209,0,65,4,10,537,873,0,0,0,0,0,0,0,0,0,0,0,0,0,0,0,0,0,0,0,0,0,0,0,0,0,18,0,31,43,0,3,297,2,1,88,483,0,0,0,0,0,0,0,0,0,0,0,0,0,0,0,0,0,0,0,0,0,0,0,-99.0,0,4,0,15,29,0,12,87,0,0,42,189,0,0,0,0,0,0,0,0,0,0,0,0,0,0,0,0,0,0,0,0,0,1,0,0,1,18950
2012,ADAMS,2490,967,2740,3278,9475,2541,1073,2882,3079,9575,0,0,0,0,0,0,0,0,0,10,252,0,182,516,90,0,12,19,0,0,3,0,0,1,0,1417,1,346,8,152,689,1915,71,61,9,0,12,19,0,6,176,3,0,36,261,0,0,0,0,0,0,0,0,0,0,0,0,0,0,0,0,0,0,0,0,0,0,0,21.0,1,0,0,9,26,0,5,69,0,2,12,123,0,0,0,0,0,0,0,0,0,0,0,0,0,0,0,0,0,0,0,0,1,4,1,0,6,19050
2013,ADAMS,2412,1050,2747,3230,9439,2544,1083,2930,3201,9761,0,0,0,0,0,0,0,0,0,7,281,0,199,551,67,1,25,26,0,0,6,0,3,2,0,1472,2,376,8,123,681,1971,58,54,0,0,0,0,0,0,0,0,0,0,0,0,145,0,8,14,13,1,0,4,0,114,0,5,0,1,0,0,0,3,41,376,22,5,19.0,0,0,0,0,0,0,0,0,0,0,0,0,2,30,5,21,33,0,0,3,29,0,0,0,0,0,0,3,31,159,0,2,0,2,0,0,2,19200
2014,ADAMS,2468,1066,2755,3228,9518,2606,1121,2932,3222,9882,0,0,0,0,0,0,0,0,0,10,314,0,190,523,88,1,28,19,0,0,3,0,1,1,1,1402,0,434,8,124,642,1960,96,35,0,0,0,0,0,0,0,0,0,0,0,6,127,0,26,15,32,0,3,4,0,154,0,3,0,1,0,0,0,0,72,488,36,9,26.0,0,0,0,0,0,0,0,0,0,0,0,0,0,34,7,3,47,0,0,0,17,0,0,0,0,0,0,2,50,162,0,2,0,3,1,0,4,19400
2015,ADAMS,2552,1128,2748,3097,9525,2681,1195,2901,3108,9885,0,0,0,0,0,0,0,0,0,8,256,0,189,326,93,0,17,26,0,0,6,0,0,3,0,1128,0,352,11,127,577,1607,61,34,0,0,0,0,0,0,0,0,0,0,0,2,119,0,23,18,43,0,1,8,0,191,0,6,0,0,0,0,0,8,68,511,17,7,27.0,0,0,0,0,0,0,0,0,0,0,0,0,0,28,7,6,33,0,0,1,40,0,0,0,0,0,0,1,45,163,1,1,0,5,1,0,6,19410
2016,ADAMS,2645,1192,2751,3008,9596,2731,1267,2896,3020,9914,0,0,0,0,0,0,0,0,0,1,280,0,144,255,116,0,6,18,0,0,2,0,1,2,1,876,1,373,8,149,462,1398,70,31,0,0,0,0,0,0,0,0,0,0,0,0,146,0,10,23,72,0,1,6,0,218,0,4,0,1,1,0,2,3,67,584,19,11,22.0,0,0,0,0,0,0,0,0,0,0,0,0,0,21,16,3,27,0,0,1,25,0,0,0,0,0,0,1,28,127,0,5,0,2,0,0,2,19510
2010,ASOTIN,1549,860,2773,6171,11352,1723,833,2574,5220,10348,28,4,89,1,13,8,2,469,614,0,0,0,0,0,0,0,0,0,0,0,0,0,0,0,0,0,0,0,0,0,0,0,0,0,4,0,11,70,0,0,1541,5,1,78,1710,0,0,0,0,0,0,0,0,0,0,0,0,0,0,0,0,0,0,0,0,0,0,0,53.5,0,2,2,1,11,0,0,87,0,0,22,125,0,0,0,0,0,0,0,0,0,0,0,0,0,0,0,0,0,0,0,0,0,15,2,0,17,21700
2011,ASOTIN,1538,754,2674,6210,11179,1539,813,2531,5587,10471,34,2,110,0,14,0,2,533,695,0,0,0,0,0,0,0,0,0,0,0,0,0,0,0,0,0,0,0,0,0,0,0,0,0,14,3,7,80,0,0,1468,0,2,97,1671,0,0,0,0,0,0,0,0,0,0,0,0,0,0,0,0,0,0,0,0,0,0,0,-99.0,0,1,0,3,15,0,0,98,1,2,23,143,0,0,0,0,0,0,0,0,0,0,0,0,0,0,0,0,0,0,0,0,0,3,0,0,3,21650
2012,ASOTIN,1526,705,2610,6316,11157,1494,726,2460,5863,10543,0,0,0,0,0,0,0,0,0,1,264,0,91,213,152,0,7,8,0,0,0,1,0,1,0,974,0,286,6,177,656,1437,12,25,5,0,6,39,0,3,928,0,1,91,1073,0,0,0,0,0,0,0,0,0,0,0,0,0,0,0,0,0,0,0,0,0,0,0,45.0,1,3,0,0,5,0,0,49,0,0,22,79,0,0,0,0,0,0,0,0,0,0,0,0,0,0,0,0,0,0,0,0,0,4,2,3,6,21700
2013,ASOTIN,1560,699,2614,6311,11185,1526,716,2456,5915,10615,0,0,0,0,0,0,0,0,0,1,267,0,130,261,97,0,6,5,0,0,5,0,0,1,1,1082,0,278,12,131,672,1491,0,33,0,0,0,0,0,0,0,0,0,0,0,0,119,0,18,28,28,0,0,1,0,1327,0,1,0,0,1,0,0,8,134,1682,0,17,50.0,2,0,0,0,0,0,0,0,0,0,0,0,1,14,5,6,20,0,0,0,35,0,0,0,0,0,0,0,41,124,0,2,0,7,3,2,10,21800
2014,ASOTIN,1573,700,2585,6353,11212,1537,721,2423,6057,10738,0,0,0,0,0,0,0,0,0,4,262,1,134,246,65,0,9,10,0,0,0,0,1,0,0,958,1,273,5,78,559,1309,0,12,0,0,0,0,0,0,0,0,0,0,0,0,94,1,12,15,22,0,1,0,0,1094,0,0,0,1,0,0,1,0,55,1303,0,7,58.0,0,0,0,0,0,0,0,0,0,0,0,0,0,4,0,0,1,0,0,1,18,0,0,0,0,0,0,1,3,29,0,1,0,2,3,1,5,21950
2015,ASOTIN,1576,714,2565,6377,11233,1538,725,2408,6106,10777,0,0,0,0,0,0,0,0,0,4,273,0,86,276,55,0,4,14,0,0,1,0,2,0,2,1081,0,290,11,71,700,1442,0,14,0,0,0,0,0,0,0,0,0,0,0,0,125,0,16,24,12,0,0,1,0,1059,0,0,0,2,0,1,0,2,174,1418,0,2,64.0,0,0,0,0,0,0,0,0,0,0,0,0,2,22,0,16,21,0,0,1,31,0,0,0,0,0,0,3,45,151,0,10,0,5,1,1,6,22010
2016,ASOTIN,1567,728,2527,6463,11285,1541,729,2375,6219,10865,0,0,0,0,0,0,0,0,0,2,284,0,114,252,39,0,7,16,0,0,1,0,1,4,1,1081,0,306,2,52,704,1439,0,12,0,0,0,0,0,0,0,0,0,0,0,0,117,0,16,31,16,0,1,1,0,1119,0,1,0,2,0,0,0,3,162,1474,0,5,52.0,0,0,0,0,0,0,0,0,0,0,0,0,1,9,4,4,9,0,0,1,29,0,0,0,0,0,0,0,15,72,0,0,0,10,1,0,11,22150
2010,BENTON,15106,7954,23682,40006,86747,15630,8394,23591,38540,86153,277,33,792,3,251,49,54,3357,4816,0,0,0,0,0,0,0,0,0,0,0,0,0,0,0,0,0,0,0,0,0,0,0,0,0,172,3,141,858,2,10,11475,10,26,744,13441,0,0,0,0,0,0,0,0,0,0,0,0,0,0,0,0,0,0,0,0,0,0,0,625.0,0,23,3,87,208,0,9,933,4,4,500,1771,0,0,0,0,0,0,0,0,0,0,0,0,0,0,0,0,0,0,0,0,4,19,3,5,26,172900
2011,BENTON,15422,7872,24555,41182,89031,16334,8274,25238,39022,88869,301,58,995,3,316,57,54,3686,5470,0,0,0,0,0,0,0,0,0,0,0,0,0,0,0,0,0,0,0,0,0,0,0,0,0,161,4,93,694,3,9,5229,5,18,602,6818,0,0,0,0,0,0,0,0,0,0,0,0,0,0,0,0,0,0,0,0,0,0,0,-99.0,0,34,6,51,213,0,6,767,6,10,348,1441,0,0,0,0,0,0,0,0,0,0,0,0,0,0,0,0,0,0,0,0,1,11,1,6,13,177900
2012,BENTON,15434,7697,25210,41728,90068,16206,8246,25920,39562,89932,0,0,0,0,0,0,0,0,0,34,2006,0,851,2055,1529,2,112,207,0,0,33,3,1,10,18,7507,3,2742,56,1744,4397,11993,482,194,106,3,56,436,0,10,2657,4,29,432,3733,0,0,0,0,0,0,0,0,0,0,0,0,0,0,0,0,0,0,0,0,0,0,0,600.0,4,25,0,58,170,0,1,568,1,7,276,1106,0,0,0,0,0,0,0,0,0,0,0,0,0,0,0,0,0,0,0,0,2,30,4,19,36,180000
2013,BENTON,15698,7789,25615,42622,91722,16440,8354,26371,40513,91678,0,0,0,0,0,0,0,0,0,27,2108,2,839,1870,871,4,127,179,0,0,26,2,7,11,16,7320,6,2765,60,1075,4391,11160,432,182,0,0,0,0,0,0,0,0,0,0,0,0,942,0,97,164,359,2,38,16,0,2223,0,17,3,8,13,3,3,21,986,5188,224,69,646.0,3,0,0,0,0,0,0,0,0,0,0,0,4,200,34,73,202,1,0,13,257,0,0,0,6,1,0,5,317,1136,4,19,3,30,7,8,40,183400
2014,BENTON,15889,7866,25902,43565,93222,16608,8436,26712,41521,93278,0,0,0,0,0,0,0,0,0,27,1970,0,906,1585,844,2,100,192,0,0,31,0,8,7,23,7125,11,2760,59,1079,4446,10964,552,201,0,0,0,0,0,0,0,0,0,0,0,2,980,1,117,171,322,0,27,18,0,2119,0,16,0,2,7,2,9,22,1063,5240,290,72,686.0,0,0,0,0,0,0,0,0,0,0,0,0,6,221,64,67,201,0,1,6,259,2,1,1,4,4,0,7,294,1169,12,19,0,19,5,12,24,186500
2015,BENTON,15952,7950,25961,44291,94155,16636,8510,26791,42498,94435,0,0,0,0,0,0,0,0,0,38,1995,0,750,1621,855,9,111,201,0,2,49,0,3,6,26,6872,13,2815,37,1051,4306,10738,559,157,0,0,0,0,0,0,0,0,0,0,0,2,874,0,114,125,349,2,17,22,0,1808,0,22,0,3,8,3,3,17,997,4721,306,49,558.0,0,0,0,0,0,0,0,0,0,0,0,0,6,211,69,69,135,0,1,9,225,4,0,0,6,3,0,6,283,1068,19,22,0,20,5,5,25,188590
2016,BENTON,16053,8049,25922,44930,94953,16781,8586,26794,43386,95547,0,0,0,0,0,0,0,0,0,45,1850,0,702,1687,877,6,129,187,1,2,34,1,3,15,26,7162,13,2623,54,1085,4539,10870,531,168,0,0,0,0,0,0,0,0,0,0,0,3,845,0,88,162,310,3,25,30,0,1543,0,17,0,2,15,3,3,23,930,4368,314,52,548.9,0,0,0,0,0,0,0,0,0,0,0,0,0,183,41,74,183,1,0,19,226,0,0,0,6,5,0,9,235,1016,12,22,0,19,6,4,25,190500
2010,CHELAN,6019,3080,9316,18320,36734,6166,3362,9693,17343,36566,68,3,325,2,103,34,14,1626,2175,0,0,0,0,0,0,0,0,0,0,0,0,0,0,0,0,0,0,0,0,0,0,0,0,0,47,1,52,255,2,11,1603,14,6,201,2192,0,0,0,0,0,0,0,0,0,0,0,0,0,0,0,0,0,0,0,0,0,0,0,283.0,0,5,0,7,31,0,9,203,5,1,86,347,0,0,0,0,0,0,0,0,0,0,0,0,0,0,0,0,0,0,0,0,0,9,2,1,11,73300
2011,CHELAN,5664,3069,9090,18609,36434,6084,3090,9535,17557,36266,80,4,386,5,108,13,25,1488,2109,0,0,0,0,0,0,0,0,0,0,0,0,0,0,0,0,0,0,0,0,0,0,0,0,0,55,0,38,194,2,5,1427,3,9,212,1945,0,0,0,0,0,0,0,0,0,0,0,0,0,0,0,0,0,0,0,0,0,0,0,-99.0,0,8,0,7,50,2,5,164,0,0,73,309,0,0,0,0,0,0,0,0,0,0,0,0,0,0,0,0,0,0,0,0,0,5,0,2,5,72700
2012,CHELAN,5675,2960,9178,18899,36712,6072,3043,9615,17758,36488,0,0,0,0,0,0,0,0,0,0,269,0,179,201,104,0,10,10,0,0,3,0,1,1,0,872,0,355,6,122,476,1349,71,18,41,0,36,135,1,7,946,4,8,222,1400,0,0,0,0,0,0,0,0,0,0,0,0,0,0,0,0,0,0,0,0,0,0,0,206.0,0,1,0,3,20,0,6,103,0,1,65,199,0,0,0,0,0,0,0,0,0,0,0,0,0,0,0,0,0,0,0,0,1,10,4,1,15,73200
2013,CHELAN,5648,2917,9238,19074,36877,6102,3035,9638,17947,36723,0,0,0,0,0,0,0,0,0,9,625,0,297,415,276,1,75,46,0,0,1,0,1,4,2,2408,1,894,14,336,1597,3638,217,57,0,0,0,0,0,0,0,0,0,0,0,2,431,0,36,114,167,0,13,11,0,705,0,2,0,0,1,1,0,9,419,2068,135,22,221.0,0,0,0,0,0,0,0,0,0,0,0,0,1,42,7,12,41,0,1,5,39,1,0,0,0,0,0,1,101,260,1,8,0,9,2,1,11,73600
2014,CHELAN,5649,2910,9235,19459,37253,6133,3029,9618,18267,37047,0,0,0,0,0,0,0,0,0,5,557,1,350,244,368,2,43,46,0,0,5,0,0,4,2,2014,1,800,16,419,1353,3233,188,48,0,0,0,0,0,0,0,0,0,0,0,4,399,1,52,73,202,1,11,5,0,619,0,8,0,1,0,0,0,8,381,1902,115,22,265.0,0,0,0,0,0,0,0,0,0,0,0,0,0,35,7,17,35,0,0,3,50,0,0,0,0,0,0,1,82,235,0,5,0,9,0,0,9,74300
2015,CHELAN,5658,2908,9206,19825,37597,6149,3048,9563,18673,37433,0,0,0,0,0,0,0,0,0,6,638,1,372,291,389,1,60,42,0,0,1,0,0,3,1,2289,0,889,8,438,1550,3616,205,48,0,0,0,0,0,0,0,0,0,0,0,2,464,0,50,87,191,0,12,12,0,696,0,2,0,0,2,0,0,3,371,2054,145,17,281.0,0,0,0,0,0,0,0,0,0,0,0,0,3,42,20,26,43,0,0,3,50,0,0,0,0,0,0,0,89,276,0,0,0,9,3,0,12,75030
2016,CHELAN,5686,2918,9141,20280,38025,6208,3087,9463,19127,37885,0,0,0,0,0,0,0,0,0,7,645,0,364,267,426,1,39,39,0,1,19,1,0,8,4,2338,9,913,15,505,1645,3756,200,66,0,0,0,0,0,0,0,0,0,0,0,2,430,0,63,66,238,0,6,15,0,728,0,17,0,0,0,0,9,8,326,2061,132,21,276.0,0,0,0,0,0,0,0,0,0,0,0,0,0,60,7,11,41,0,0,3,41,0,1,0,1,0,0,3,62,235,0,5,0,12,3,2,15,75910
2010,CLALLAM,4154,2462,6728,22014,35358,4372,2629,7541,20199,34742,135,10,482,1,81,28,28,1524,2289,0,0,0,0,0,0,0,0,0,0,0,0,0,0,0,0,0,0,0,0,0,0,0,0,0,37,1,38,158,0,2,657,1,4,149,1047,0,0,0,0,0,0,0,0,0,0,0,0,0,0,0,0,0,0,0,0,0,0,0,119.0,0,0,1,10,21,0,0,136,1,0,36,205,0,0,0,0,0,0,0,0,0,0,0,0,0,0,0,0,0,0,0,0,0,11,1,3,12,70100
2011,CLALLAM,3949,2208,7138,22776,36071,4255,2392,8291,20592,35529,134,12,507,2,117,30,22,1579,2403,0,0,0,0,0,0,0,0,0,0,0,0,0,0,0,0,0,0,0,0,0,0,0,0,0,44,1,40,161,2,4,1105,5,7,253,1622,0,0,0,0,0,0,0,0,0,0,0,0,0,0,0,0,0,0,0,0,0,0,0,-99.0,0,7,4,11,42,2,3,197,1,0,67,334,0,0,0,0,0,0,0,0,0,0,0,0,0,0,0,0,0,0,0,0,0,4,2,6,6,71600
2012,CLALLAM,3984,2149,7345,22807,36284,4258,2299,8610,20548,35716,0,0,0,0,0,0,0,0,0,7,915,1,642,788,373,3,126,80,0,0,23,1,5,13,4,3552,2,1241,25,444,1960,5237,204,65,51,0,39,111,3,8,764,3,8,258,1245,0,0,0,0,0,0,0,0,0,0,0,0,0,0,0,0,0,0,0,0,0,0,0,119.0,0,5,0,7,23,1,3,126,0,0,53,218,0,0,0,0,0,0,0,0,0,0,0,0,0,0,0,0,0,0,0,0,0,17,1,6,18,72000
2013,CLALLAM,3980,2142,7367,22971,36459,4282,2271,8668,20672,35891,0,0,0,0,0,0,0,0,0,6,870,0,575,721,319,2,87,66,0,0,22,0,1,8,8,3431,1,1245,24,405,2016,5081,278,77,0,0,0,0,0,0,0,0,0,0,0,3,434,0,80,81,164,0,22,5,0,394,0,6,0,0,2,1,0,12,518,1916,160,34,116.0,0,0,0,0,0,0,0,0,0,0,0,0,0,55,13,21,42,0,1,1,48,0,0,0,2,0,0,0,56,249,3,7,0,5,4,5,9,72350
2014,CLALLAM,4001,2113,7388,23001,36503,4257,2286,8715,20739,35997,0,0,0,0,0,0,0,0,0,11,880,0,521,602,319,0,89,52,0,0,13,0,3,6,4,3102,0,1195,27,376,1852,4673,241,53,0,0,0,0,0,0,0,0,0,0,0,0,448,0,78,77,204,0,11,8,0,379,0,5,0,6,1,0,0,14,437,1835,147,20,125.0,0,0,0,0,0,0,0,0,0,0,0,0,1,44,7,16,22,0,1,1,52,0,0,0,1,0,0,1,44,190,0,0,0,4,0,5,4,72500
2015,CLALLAM,3957,2102,7369,23075,36503,4286,2280,8701,20880,36147,0,0,0,0,0,0,0,0,0,10,886,0,532,669,240,1,93,73,0,0,15,0,0,7,9,3392,0,1227,17,304,2070,4923,246,55,0,0,0,0,0,0,0,0,0,0,0,1,451,0,67,89,147,0,10,7,0,336,0,4,0,1,2,1,0,9,445,1745,146,29,114.0,0,0,0,0,0,0,0,0,0,0,0,0,0,43,3,13,12,0,0,1,31,0,0,0,1,1,0,0,36,143,0,2,0,3,0,1,3,72650
2016,CLALLAM,4017,2108,7328,23415,36868,4330,2289,8703,21220,36542,0,0,0,0,0,0,0,0,0,11,881,0,445,564,257,1,92,78,0,0,21,0,3,6,14,2820,0,1206,11,333,1696,4359,217,62,0,0,0,0,0,0,0,0,0,0,0,4,436,0,51,88,168,0,5,5,0,441,0,11,0,1,2,1,0,3,374,1729,119,20,123.0,0,0,0,0,0,0,0,0,0,0,0,0,2,54,6,9,9,0,0,3,46,0,0,0,0,0,0,0,30,165,3,3,0,5,4,1,9,73410
2010,CLARK,38068,18017,63924,98990,218999,39718,19062,63866,93955,216601,554,100,2074,1,1460,195,240,8579,13203,0,0,0,0,0,0,0,0,0,0,0,0,0,0,0,0,0,0,0,0,0,0,0,0,0,170,24,265,689,1,108,5541,36,113,1625,8572,0,0,0,0,0,0,0,0,0,0,0,0,0,0,0,0,0,0,0,0,0,0,0,685.0,0,47,17,95,183,0,20,1817,3,41,439,2662,0,0,0,0,0,0,0,0,0,0,0,0,0,0,0,0,0,0,0,0,2,50,6,14,58,435600
2011,CLARK,35876,18750,60191,101910,216726,37760,19713,59366,94436,211275,519,73,2034,13,1323,171,258,8046,12437,0,0,0,0,0,0,0,0,0,0,0,0,0,0,0,0,0,0,0,0,0,0,0,0,0,230,9,348,613,2,124,5860,35,124,1913,9258,0,0,0,0,0,0,0,0,0,0,0,0,0,0,0,0,0,0,0,0,0,0,0,-99.0,0,26,15,86,183,0,18,1769,4,42,471,2614,0,0,0,0,0,0,0,0,0,0,0,0,0,0,0,0,0,0,0,0,2,25,3,17,30,428001
2012,CLARK,34825,18783,60608,104115,218333,36526,19853,59873,96665,212917,0,0,0,0,0,0,0,0,0,100,4200,0,2462,2594,1276,3,504,265,0,0,38,0,7,15,14,15708,16,5130,231,1449,9814,22287,605,143,179,12,344,682,8,65,9010,24,132,1673,12129,0,0,0,0,0,0,0,0,0,0,0,0,0,0,0,0,0,0,0,0,0,0,0,692.0,1,50,13,63,80,0,9,1035,7,28,239,1524,0,0,0,0,0,0,0,0,0,0,0,0,0,0,0,0,0,0,0,0,5,28,9,22,42,431250
2013,CLARK,34734,18736,60964,106006,220438,36416,19828,60254,98565,215062,0,0,0,0,0,0,0,0,0,78,3762,0,2129,2219,938,5,302,211,0,0,24,1,3,21,11,13902,3,4589,197,1091,8972,19582,567,139,0,0,0,0,0,0,0,0,0,0,0,12,1457,0,234,248,545,1,56,26,0,7242,0,12,1,1,3,1,0,111,1364,11689,326,49,720.0,2,0,0,0,0,0,0,0,0,0,0,0,2,216,38,62,71,0,2,2,312,0,0,0,1,0,0,13,171,908,3,15,6,32,6,19,44,435500
2013,GARFIELD,142,82,199,718,1143,122,98,223,662,1107,0,0,0,0,0,0,0,0,0,0,54,0,7,15,17,0,1,2,0,0,0,0,0,0,0,72,0,67,0,25,49,164,11,8,0,0,0,0,0,0,0,0,0,0,0,0,12,0,0,0,7,0,0,0,0,153,0,0,0,0,0,1,0,0,5,184,3,3,8.0,0,0,0,0,0,0,0,0,0,0,0,0,0,1,0,0,0,0,0,0,5,0,0,0,0,0,0,0,3,9,0,0,0,0,0,0,0,2250
2014,CLARK,34836,18708,61690,108938,224171,36746,19759,60937,101187,218629,0,0,0,0,0,0,0,0,0,96,3768,0,1806,2227,943,4,172,235,0,0,40,1,7,10,17,12745,3,4588,208,1088,8232,18421,527,125,0,0,0,0,0,0,0,0,0,0,0,9,1500,0,230,255,513,0,37,27,0,5874,0,22,1,5,3,3,0,89,1274,10196,310,44,761.0,0,0,0,0,0,0,0,0,0,0,0,0,8,216,43,65,80,0,0,6,205,0,0,0,0,0,0,14,120,772,1,14,2,39,8,19,49,442800
2015,CLARK,34994,18798,62557,112332,228682,36861,19869,61826,104583,223138,0,0,0,0,0,0,0,0,0,120,3662,1,1878,2550,1010,5,243,294,0,0,91,0,6,9,4,15074,7,4612,189,1192,10088,20878,550,171,0,0,0,0,0,0,0,0,0,0,0,15,1370,2,295,195,519,1,20,28,0,5831,2,27,0,2,1,1,4,86,1346,10101,291,65,735.0,0,0,0,0,0,0,0,0,0,0,0,0,2,244,45,61,59,0,0,5,291,1,0,1,0,0,0,19,145,883,3,7,0,28,12,13,40,451820
2016,CLARK,35270,18969,63217,115729,233184,37271,20035,62568,107952,227826,0,0,0,0,0,0,0,0,0,82,3594,0,1739,2753,1006,0,327,330,0,0,102,1,7,6,0,14697,6,4648,196,1172,9600,20517,608,160,0,0,0,0,0,0,0,0,0,0,0,5,1144,0,204,171,506,0,39,19,0,5264,0,23,1,4,3,0,0,57,897,8632,242,53,731.0,0,0,0,0,0,0,0,0,0,0,0,0,3,194,29,35,41,0,1,3,237,5,0,1,0,0,0,25,108,692,0,10,0,42,10,11,52,461010
2010,COLUMBIA,287,162,418,1255,2122,261,168,437,1160,2028,3,2,50,0,7,0,1,136,199,0,0,0,0,0,0,0,0,0,0,0,0,0,0,0,0,0,0,0,0,0,0,0,0,0,2,0,4,7,1,0,67,0,0,8,89,0,0,0,0,0,0,0,0,0,0,0,0,0,0,0,0,0,0,0,0,0,0,0,-99.0,0,0,1,1,0,0,1,3,0,0,1,7,0,0,0,0,0,0,0,0,0,0,0,0,0,0,0,0,0,0,0,0,0,0,0,0,0,4150
2011,COLUMBIA,248,159,374,1285,2065,259,147,386,1241,2035,6,0,42,0,5,1,0,132,186,0,0,0,0,0,0,0,0,0,0,0,0,0,0,0,0,0,0,0,0,0,0,0,0,0,3,0,1,8,0,1,56,0,0,9,78,0,0,0,0,0,0,0,0,0,0,0,0,0,0,0,0,0,0,0,0,0,0,0,-99.0,0,0,0,2,1,0,0,7,0,0,1,11,0,0,0,0,0,0,0,0,0,0,0,0,0,0,0,0,0,0,0,0,0,0,0,0,0,4100
2012,COLUMBIA,251,148,374,1281,2056,248,143,385,1268,2044,0,0,0,0,0,0,0,0,0,0,33,0,47,54,1,0,0,4,0,0,1,0,1,0,0,221,0,39,0,2,120,262,0,1,2,0,4,0,1,1,8,0,0,3,19,0,0,0,0,0,0,0,0,0,0,0,0,0,0,0,0,0,0,0,0,0,0,0,9.0,0,1,0,2,2,0,0,1,0,0,0,6,0,0,0,0,0,0,0,0,0,0,0,0,0,0,0,0,0,0,0,0,0,0,0,0,0,4100
2013,COLUMBIA,246,139,376,1287,2049,249,138,386,1280,2051,0,0,0,0,0,0,0,0,0,1,39,0,51,31,0,0,0,2,0,0,0,0,0,0,0,249,0,46,0,0,166,295,5,0,0,0,0,0,0,0,0,0,0,0,0,0,3,0,1,0,0,0,0,0,0,7,0,0,0,0,0,0,0,0,4,16,1,0,8.0,0,0,0,0,0,0,0,0,0,0,0,0,0,4,0,1,0,0,0,1,4,0,0,0,0,0,0,0,0,10,0,0,0,2,0,0,2,4100
2014,COLUMBIA,245,136,381,1280,2043,240,144,392,1261,2037,0,0,0,0,0,0,0,0,0,0,0,0,38,0,0,0,0,0,0,0,0,0,0,0,0,127,0,0,0,0,89,127,0,0,0,0,0,0,0,0,0,0,0,0,0,0,0,0,0,0,0,0,0,0,0,0,0,0,0,0,0,0,0,0,0,0,0,0,10.0,0,0,0,0,0,0,0,0,0,0,0,0,0,0,0,0,0,0,0,0,0,0,0,0,0,0,0,0,0,0,0,0,0,2,0,0,2,4080
2015,COLUMBIA,255,128,372,1296,2052,237,143,383,1276,2038,0,0,0,0,0,0,0,0,0,1,2,0,28,0,1,0,0,0,0,0,0,0,0,0,0,80,0,2,0,1,51,83,0,0,0,0,0,0,0,0,0,0,0,0,0,0,0,0,0,0,0,0,0,0,0,0,0,0,0,0,0,0,0,0,0,0,0,0,6.0,0,0,0,0,0,0,0,0,0,0,0,0,0,0,0,0,0,0,0,0,0,0,0,0,0,0,0,0,0,0,0,0,0,0,0,0,0,4090
2016,COLUMBIA,252,125,356,1294,2027,232,143,370,1278,2023,0,0,0,0,0,0,0,0,0,1,16,0,20,46,3,0,0,5,0,0,0,0,0,0,0,183,0,25,0,3,116,211,4,0,0,0,0,0,0,0,0,0,0,0,0,0,1,0,0,0,0,0,0,0,0,6,0,0,0,0,0,0,0,0,0,7,0,0,7.0,0,0,0,0,0,0,0,0,0,0,0,0,0,0,0,0,0,0,0,0,0,0,0,0,0,0,0,0,0,0,0,0,0,1,0,0,1,4050
2010,COWLITZ,7834,4008,12998,25510,50349,8102,4255,13231,24064,49651,171,25,795,2,274,106,48,2535,3956,0,0,0,0,0,0,0,0,0,0,0,0,0,0,0,0,0,0,0,0,0,0,0,0,0,118,5,88,431,2,13,3545,29,30,575,4836,0,0,0,0,0,0,0,0,0,0,0,0,0,0,0,0,0,0,0,0,0,0,0,330.0,0,19,4,40,65,0,3,470,8,2,179,790,0,0,0,0,0,0,0,0,0,0,0,0,0,0,0,0,0,0,0,0,1,20,0,2,21,100000
2011,COWLITZ,7992,4142,13023,26846,52003,8031,4318,13019,25328,50697,166,74,677,4,302,86,59,2436,3804,0,0,0,0,0,0,0,0,0,0,0,0,0,0,0,0,0,0,0,0,0,0,0,0,0,126,9,125,470,3,28,2431,25,37,700,3954,0,0,0,0,0,0,0,0,0,0,0,0,0,0,0,0,0,0,0,0,0,0,0,-99.0,1,22,13,27,59,0,5,405,11,4,144,690,0,0,0,0,0,0,0,0,0,0,0,0,0,0,0,0,0,0,0,0,1,9,1,3,11,102700
2012,COWLITZ,7850,4017,13314,27009,52192,7914,4257,13197,25491,50858,0,0,0,0,0,0,0,0,0,51,1512,0,853,1152,739,3,106,114,0,0,13,0,4,4,8,5611,4,1905,66,851,3380,8367,258,100,105,5,98,333,1,26,1852,21,40,631,3112,0,0,0,0,0,0,0,0,0,0,0,0,0,0,0,0,0,0,0,0,0,0,0,278.0,1,5,2,23,53,1,1,345,7,3,109,549,0,0,0,0,0,0,0,0,0,0,0,0,0,0,0,0,0,0,0,0,0,18,0,5,18,103050
2013,COWLITZ,7783,4021,13381,27158,52342,7861,4196,13295,25606,50958,0,0,0,0,0,0,0,0,0,21,1507,1,898,1355,711,5,105,119,0,0,15,0,1,3,10,6059,5,1927,61,890,3613,8876,282,164,0,0,0,0,0,0,0,0,0,0,0,4,845,0,175,135,458,3,30,40,0,1386,0,20,0,2,0,2,3,43,1004,4379,177,52,277.0,3,0,0,0,0,0,0,0,0,0,0,0,0,173,15,54,59,1,0,11,98,0,0,1,1,0,0,4,113,538,2,6,0,16,5,7,21,103300
2014,COWLITZ,7711,4041,13382,27426,52561,7807,4170,13268,25894,51139,0,0,0,0,0,0,0,0,0,22,1334,0,811,1004,751,3,63,93,0,0,11,0,0,0,5,5350,4,1702,34,862,3413,7914,264,102,0,0,0,0,0,0,0,0,0,0,0,2,775,0,129,122,515,1,16,23,0,1426,0,16,0,1,0,4,4,22,1149,4414,176,33,291.0,0,0,0,0,0,0,0,0,0,0,0,0,4,156,26,21,64,0,0,6,94,0,0,0,0,0,0,1,147,528,2,7,1,19,5,8,25,103700
2015,COWLITZ,7654,4066,13360,27725,52804,7766,4160,13229,26322,51476,0,0,0,0,0,0,0,0,0,29,1329,0,647,944,719,1,91,102,0,0,21,0,2,4,17,4841,2,1773,54,843,3075,7457,315,105,0,0,0,0,0,0,0,0,0,0,0,2,750,0,103,106,541,0,23,26,0,2132,0,24,0,4,0,5,1,26,966,4928,195,24,263.0,0,0,0,0,0,0,0,0,0,0,0,0,3,118,10,23,49,0,0,10,113,0,0,0,0,0,0,4,121,459,0,8,0,7,10,11,17,104280
2016,COWLITZ,7670,4090,13288,27999,53047,7806,4154,13160,26683,51803,0,0,0,0,0,0,0,0,0,33,1299,0,719,889,799,3,84,101,0,0,16,0,2,0,8,5005,21,1670,58,941,3219,7616,252,113,0,0,0,0,0,0,0,0,0,0,0,1,723,0,116,113,619,0,17,25,0,2398,0,15,0,0,1,3,13,43,979,5278,160,52,282.0,0,0,0,0,0,0,0,0,0,0,0,0,4,115,17,19,51,0,0,6,109,2,0,0,0,0,0,1,109,437,0,4,0,10,3,5,13,104850
2010,DOUGLAS,3360,1728,4964,9324,19375,3459,1788,4982,8896,19125,25,3,107,0,36,8,9,526,714,0,0,0,0,0,0,0,0,0,0,0,0,0,0,0,0,0,0,0,0,0,0,0,0,0,4,1,10,52,0,1,495,0,4,103,670,0,0,0,0,0,0,0,0,0,0,0,0,0,0,0,0,0,0,0,0,0,0,0,-99.0,0,5,0,5,32,0,1,109,0,0,74,226,0,0,0,0,0,0,0,0,0,0,0,0,0,0,0,0,0,0,0,0,0,3,2,3,5,38500
2011,DOUGLAS,3343,1774,5007,9214,19339,3460,1834,5215,8802,19311,31,3,195,1,43,13,8,707,1001,0,0,0,0,0,0,0,0,0,0,0,0,0,0,0,0,0,0,0,0,0,0,0,0,0,10,0,24,72,1,3,617,1,2,177,907,0,0,0,0,0,0,0,0,0,0,0,0,0,0,0,0,0,0,0,0,0,0,0,-99.0,0,5,0,7,24,0,0,74,1,1,111,223,0,0,0,0,0,0,0,0,0,0,0,0,0,0,0,0,0,0,0,0,0,1,1,4,2,38650
2012,DOUGLAS,3306,1705,5179,9280,19470,3393,1810,5347,8879,19430,0,0,0,0,0,0,0,0,0,4,231,0,245,181,241,0,24,25,0,0,0,0,1,9,0,1147,0,346,7,257,686,1750,80,16,11,1,12,42,2,2,459,0,1,53,583,0,0,0,0,0,0,0,0,0,0,0,0,0,0,0,0,0,0,0,0,0,0,0,-99.0,0,0,0,7,26,0,3,83,0,0,40,159,0,0,0,0,0,0,0,0,0,0,0,0,0,0,0,0,0,0,0,0,1,6,0,4,7,38900
2013,DOUGLAS,3304,1684,5247,9425,19659,3405,1795,5419,9000,19621,0,0,0,0,0,0,0,0,0,0,246,0,197,194,115,0,29,21,0,0,1,0,0,9,2,1205,0,360,8,145,777,1710,83,28,0,0,0,0,0,0,0,0,0,0,0,0,124,0,18,22,44,0,9,2,0,321,0,1,0,0,1,1,0,2,97,684,32,10,-99.0,0,0,0,0,0,0,0,0,0,0,0,0,0,20,5,5,22,0,0,1,20,0,0,0,1,0,0,0,48,125,0,3,2,4,0,0,6,39280
2014,DOUGLAS,3307,1687,5278,9558,19830,3426,1831,5459,9155,19870,0,0,0,0,0,0,0,0,0,6,221,0,169,160,108,0,26,14,0,0,0,1,0,3,0,1133,0,339,6,125,766,1597,100,17,0,0,0,0,0,0,0,0,0,0,0,0,118,0,17,25,52,0,2,2,0,306,0,0,1,0,2,0,0,3,106,689,50,5,-99.0,0,0,0,0,0,0,0,0,0,0,0,0,0,23,0,6,25,0,0,1,9,0,0,0,0,0,0,0,23,87,0,0,0,0,2,0,2,39700
2015,DOUGLAS,3281,1692,5276,9705,19955,3416,1823,5478,9318,20035,0,0,0,0,0,0,0,0,0,5,282,0,173,256,150,0,20,12,0,0,3,0,1,7,1,1194,0,407,4,192,736,1793,102,41,0,0,0,0,0,0,0,0,0,0,0,2,127,0,14,32,72,0,6,2,0,319,0,2,0,1,2,0,0,2,113,750,44,12,-99.0,0,0,0,0,0,0,0,0,0,0,0,0,0,20,4,11,27,0,0,0,18,0,0,0,2,1,0,0,25,110,0,2,0,1,1,0,2,39990
2016,DOUGLAS,3327,1710,5318,9926,20281,3492,1843,5540,9564,20439,0,0,0,0,0,0,0,0,0,3,243,0,140,228,183,0,22,22,0,0,3,0,1,6,0,1191,1,380,2,224,796,1795,105,40,0,0,0,0,0,0,0,0,0,0,0,0,119,0,23,20,84,0,5,6,0,393,0,3,0,0,0,0,0,1,167,891,56,14,-99.0,0,0,0,0,0,0,0,0,0,0,0,0,0,19,6,5,34,0,0,0,18,0,0,1,0,0,0,0,30,113,0,0,0,2,0,2,2,40720
2012,GARFIELD,143,81,200,724,1150,121,97,226,656,1100,0,0,0,0,0,0,0,0,0,1,21,0,16,17,23,0,0,4,0,0,0,0,0,0,1,76,1,37,0,32,42,145,12,7,1,1,1,5,0,1,89,0,0,2,100,0,0,0,0,0,0,0,0,0,0,0,0,0,0,0,0,0,0,0,0,0,0,0,8.0,0,0,0,0,1,0,0,3,0,0,0,4,0,0,0,0,0,0,0,0,0,0,0,0,0,0,0,0,0,0,0,0,0,0,0,0,0,2250
2010,FERRY,526,348,822,2065,3761,568,428,851,2243,4089,8,0,15,0,4,0,0,23,50,0,0,0,0,0,0,0,0,0,0,0,0,0,0,0,0,0,0,0,0,0,0,0,0,0,8,0,8,14,0,1,106,0,0,5,142,0,0,0,0,0,0,0,0,0,0,0,0,0,0,0,0,0,0,0,0,0,0,0,22.0,0,0,0,0,0,0,0,7,0,0,0,7,0,0,0,0,0,0,0,0,0,0,0,0,0,0,0,0,0,0,0,0,0,0,0,1,0,7850
2011,FERRY,433,278,721,2235,3668,498,275,899,2260,3932,5,0,15,0,1,0,0,21,42,0,0,0,0,0,0,0,0,0,0,0,0,0,0,0,0,0,0,0,0,0,0,0,0,0,1,0,3,9,0,1,91,0,0,2,107,0,0,0,0,0,0,0,0,0,0,0,0,0,0,0,0,0,0,0,0,0,0,0,-99.0,0,0,0,0,0,0,0,4,0,0,0,4,0,0,0,0,0,0,0,0,0,0,0,0,0,0,0,0,0,0,0,0,0,0,0,0,0,7600
2012,FERRY,429,256,733,2259,3678,490,273,913,2298,3972,0,0,0,0,0,0,0,0,0,1,47,0,14,7,7,0,0,4,0,0,0,0,1,0,0,58,0,55,0,8,36,121,3,1,11,0,5,7,0,1,45,1,0,1,71,0,0,0,0,0,0,0,0,0,0,0,0,0,0,0,0,0,0,0,0,0,0,0,26.0,0,0,0,0,0,0,0,0,0,0,1,1,0,0,0,0,0,0,0,0,0,0,0,0,0,0,0,0,0,0,0,0,0,0,0,0,0,7650
2013,FERRY,432,248,737,2269,3684,485,270,913,2297,3966,0,0,0,0,0,0,0,0,0,0,43,0,28,4,2,0,1,6,0,0,0,0,0,0,0,68,0,57,5,3,30,128,8,1,0,0,0,0,0,0,0,0,0,0,0,0,16,0,6,0,0,0,0,4,0,36,0,0,0,0,0,0,0,0,6,69,0,1,33.0,0,0,0,0,0,0,0,0,0,0,0,0,0,0,1,0,0,0,0,0,0,0,0,0,0,0,0,0,0,1,0,0,0,0,1,0,1,7650
2014,FERRY,409,255,742,2284,3690,485,269,909,2307,3970,0,0,0,0,0,0,0,0,0,1,68,0,17,3,27,0,1,4,0,0,0,0,0,2,0,51,0,83,0,28,29,162,9,1,0,0,0,0,0,0,0,0,0,0,0,0,35,0,2,2,28,0,0,2,0,24,0,0,0,0,0,0,0,0,4,102,5,0,33.0,0,0,0,0,0,0,0,0,0,0,0,0,0,2,0,0,0,0,0,0,1,0,0,0,0,0,0,0,0,3,0,0,0,2,0,0,2,7660
2015,FERRY,400,251,737,2304,3692,493,274,902,2350,4018,0,0,0,0,0,0,0,0,0,0,51,0,15,6,4,0,2,2,0,0,0,0,0,0,0,44,0,59,2,5,19,108,6,1,0,0,0,0,0,0,0,0,0,0,0,0,26,0,5,1,3,0,1,1,0,31,0,0,0,0,0,0,0,1,2,76,4,1,26.36,0,0,0,0,0,0,0,0,0,0,0,0,0,0,1,0,0,0,0,0,3,0,0,0,0,0,0,0,0,4,0,0,0,2,0,0,2,7710
2016,FERRY,403,247,737,2299,3686,481,275,900,2358,4014,0,0,0,0,0,0,0,0,0,1,11,0,5,0,0,0,0,4,0,0,0,0,0,0,0,10,0,15,0,0,4,25,0,0,0,0,0,0,0,0,0,0,0,0,0,0,5,0,0,0,0,0,0,1,0,1,0,0,0,0,0,0,0,0,0,7,0,0,29.82,0,0,0,0,0,0,0,0,0,0,0,0,0,0,0,0,0,0,0,0,0,0,0,0,0,0,0,0,0,0,0,0,0,0,0,0,0,7700
2010,FRANKLIN,7954,3601,10986,13508,36049,8647,4027,12740,14035,39451,139,30,374,3,136,28,41,1159,1910,0,0,0,0,0,0,0,0,0,0,0,0,0,0,0,0,0,0,0,0,0,0,0,0,0,62,2,30,199,2,7,3173,9,10,179,3673,0,0,0,0,0,0,0,0,0,0,0,0,0,0,0,0,0,0,0,0,0,0,0,178.0,0,22,3,26,88,0,4,539,1,6,90,779,0,0,0,0,0,0,0,0,0,0,0,0,0,0,0,0,0,0,0,0,2,13,1,3,16,75500
2011,FRANKLIN,9379,3921,12734,12796,38831,9857,4156,14105,13554,41669,173,16,428,2,187,30,33,1185,2054,0,0,0,0,0,0,0,0,0,0,0,0,0,0,0,0,0,0,0,0,0,0,0,0,0,87,1,46,211,2,4,1559,2,12,210,2134,0,0,0,0,0,0,0,0,0,0,0,0,0,0,0,0,0,0,0,0,0,0,0,-99.0,0,17,1,36,101,0,0,402,0,3,90,650,0,0,0,0,0,0,0,0,0,0,0,0,0,0,0,0,0,0,0,0,1,2,2,1,5,80500
2012,FRANKLIN,9511,4081,13065,13261,39919,9930,4299,14410,13945,42581,0,0,0,0,0,0,0,0,0,11,892,0,520,800,546,2,56,132,0,0,30,0,1,3,5,3245,9,1308,46,666,1810,5219,250,106,74,0,50,166,1,4,1281,4,18,123,1721,0,0,0,0,0,0,0,0,0,0,0,0,0,0,0,0,0,0,0,0,0,0,0,183.0,0,11,0,29,64,0,10,236,0,4,35,389,0,0,0,0,0,0,0,0,0,0,0,0,0,0,0,0,0,0,0,0,0,6,3,2,9,82500
2013,FRANKLIN,9691,4227,13367,13823,41110,10074,4491,14658,14467,43690,0,0,0,0,0,0,0,0,0,23,941,0,446,809,326,7,51,115,0,0,34,1,2,1,4,3131,4,1332,31,416,1764,4879,238,82,0,0,0,0,0,0,0,0,0,0,0,2,517,0,32,99,184,2,17,11,0,1043,0,20,0,0,5,0,0,12,344,2452,142,22,170.0,1,0,0,0,0,0,0,0,0,0,0,0,1,84,26,28,61,0,0,5,83,4,0,0,3,1,0,0,55,361,6,4,1,7,2,3,10,84800
2014,FRANKLIN,9831,4378,13498,14349,42057,10302,4507,14752,14983,44543,0,0,0,0,0,0,0,0,0,23,918,1,352,672,399,2,37,109,1,0,29,0,5,5,4,2735,5,1287,33,487,1615,4509,221,78,0,0,0,0,0,0,0,0,0,0,0,6,506,0,48,81,255,1,18,13,0,999,0,19,0,4,6,0,4,15,291,2427,139,22,192.0,0,0,0,0,0,0,0,0,0,0,0,0,0,69,11,21,68,0,2,3,72,0,0,0,1,0,0,6,91,356,4,8,0,2,2,0,4,86600
2015,FRANKLIN,9743,4458,13422,14686,42309,10195,4564,14689,15394,44841,0,0,0,0,0,0,0,0,0,37,909,0,370,715,440,2,49,124,0,0,27,0,5,4,4,2819,12,1315,40,538,1606,4672,246,82,0,0,0,0,0,0,0,0,0,0,0,2,488,0,45,101,281,0,22,13,0,1062,0,16,0,5,5,1,5,13,334,2581,159,29,190.0,0,0,0,0,0,0,0,0,0,0,0,0,3,61,15,27,58,1,0,3,71,3,0,2,0,0,0,1,63,318,4,6,0,5,1,1,6,87150
2016,FRANKLIN,9871,4587,13295,15249,43002,10354,4665,14623,16026,45668,0,0,0,0,0,0,0,0,0,25,853,0,380,809,503,2,68,113,0,0,6,0,2,11,8,3118,8,1207,37,608,1797,4933,222,89,0,0,0,0,0,0,0,0,0,0,0,2,478,0,64,122,317,0,10,18,0,942,0,5,0,0,12,0,18,14,315,2485,153,15,188.0,0,0,0,0,0,0,0,0,0,0,0,0,0,83,10,31,80,0,1,3,80,1,0,0,2,0,0,3,82,381,3,2,0,0,0,1,0,88670
2010,GARFIELD,147,105,212,693,1158,155,124,204,660,1142,0,1,11,0,0,3,0,43,58,0,0,0,0,0,0,0,0,0,0,0,0,0,0,0,0,0,0,0,0,0,0,0,0,0,0,0,1,20,0,0,151,2,0,1,175,0,0,0,0,0,0,0,0,0,0,0,0,0,0,0,0,0,0,0,0,0,0,0,-99.0,0,0,0,0,1,0,0,11,0,0,0,12,0,0,0,0,0,0,0,0,0,0,0,0,0,0,0,0,0,0,0,0,0,0,0,0,0,2300
2011,GARFIELD,129,87,200,723,1140,133,95,230,652,1110,3,1,13,0,2,1,0,47,67,0,0,0,0,0,0,0,0,0,0,0,0,0,0,0,0,0,0,0,0,0,0,0,0,0,0,0,1,19,1,2,157,1,0,1,182,0,0,0,0,0,0,0,0,0,0,0,0,0,0,0,0,0,0,0,0,0,0,0,-99.0,0,0,0,0,0,0,0,8,0,0,0,8,0,0,0,0,0,0,0,0,0,0,0,0,0,0,0,0,0,0,0,0,0,0,0,0,0,2250
2014,GARFIELD,140,82,198,718,1138,111,96,229,666,1102,0,0,0,0,0,0,0,0,0,0,43,0,9,16,13,0,3,2,0,0,0,0,0,0,0,58,0,47,0,19,30,124,2,6,0,0,0,0,0,0,0,0,0,0,0,0,9,0,2,2,7,0,0,1,0,173,0,0,0,0,0,0,0,0,1,199,0,4,10.0,0,0,0,0,0,0,0,0,0,0,0,0,0,1,0,0,0,0,0,0,5,0,0,0,0,0,0,0,0,6,0,0,0,0,0,0,0,2240
2015,GARFIELD,146,84,193,730,1154,111,94,224,677,1106,0,0,0,0,0,0,0,0,0,1,50,0,9,21,18,0,1,12,0,0,0,0,0,2,0,72,0,82,0,29,40,183,18,11,0,0,0,0,0,0,0,0,0,0,0,0,14,0,1,1,6,0,0,1,0,94,0,0,0,0,0,0,0,0,5,126,1,3,6.5,0,0,0,0,0,0,0,0,0,0,0,0,0,0,0,0,0,0,0,0,28,0,0,0,0,0,0,0,0,28,0,0,0,0,0,0,0,2260
2016,GARFIELD,158,79,155,742,1134,111,92,174,689,1066,0,0,0,0,0,0,0,0,0,1,33,0,31,22,19,0,0,8,0,0,1,0,0,0,0,88,0,53,0,26,34,167,11,7,0,0,0,0,0,0,0,0,0,0,0,0,7,0,0,3,11,0,0,0,0,99,0,1,0,0,0,0,0,0,5,130,3,1,8.6,0,0,0,0,0,0,0,0,0,0,0,0,0,0,0,0,0,0,0,1,1,0,0,0,0,0,0,0,0,2,0,0,0,3,0,0,3,2200
2010,GRANT,8353,4126,11808,18504,42793,8828,4431,13222,18427,44907,166,29,1227,3,333,34,44,2765,4601,0,0,0,0,0,0,0,0,0,0,0,0,0,0,0,0,0,0,0,0,0,0,0,0,0,110,3,120,228,7,30,3638,14,39,328,4517,0,0,0,0,0,0,0,0,0,0,0,0,0,0,0,0,0,0,0,0,0,0,0,228.32,0,19,1,23,42,0,8,305,1,0,105,504,0,0,0,0,0,0,0,0,0,0,0,0,0,0,0,0,0,0,0,0,1,15,2,5,18,87700
2011,GRANT,9115,4197,12504,18358,44175,9403,4543,13689,18288,45925,189,12,986,6,238,21,35,2534,4021,0,0,0,0,0,0,0,0,0,0,0,0,0,0,0,0,0,0,0,0,0,0,0,0,0,103,1,121,335,7,19,3516,16,21,403,4542,0,0,0,0,0,0,0,0,0,0,0,0,0,0,0,0,0,0,0,0,0,0,0,-99.0,1,8,0,27,76,4,9,275,5,0,94,498,0,0,0,0,0,0,0,0,0,0,0,0,0,0,0,0,0,0,0,0,0,8,2,2,10,90100
2012,GRANT,9179,4213,12785,18485,44662,9384,4481,14062,18412,46338,0,0,0,0,0,0,0,0,0,24,1174,1,910,1221,513,2,59,93,0,0,22,0,5,6,3,5288,0,1531,49,599,3022,7418,231,83,62,3,101,209,3,9,1381,13,24,326,2131,0,0,0,0,0,0,0,0,0,0,0,0,0,0,0,0,0,0,0,0,0,0,0,186.0,0,5,3,23,46,0,13,159,0,2,72,323,0,0,0,0,0,0,0,0,0,0,0,0,0,0,0,0,0,0,0,0,3,11,1,4,15,91000
2013,GRANT,9308,4291,12732,18743,45072,9416,4504,14147,18662,46728,0,0,0,0,0,0,0,0,0,20,1151,0,1029,1114,333,4,86,82,0,0,21,0,2,3,5,5615,0,1470,44,430,3318,7515,211,92,0,0,0,0,0,0,0,0,0,0,0,6,604,1,148,83,181,2,25,25,0,1268,0,12,0,3,1,0,0,33,546,3086,114,34,199.0,3,0,0,0,0,0,0,0,0,0,0,0,2,69,32,31,37,0,0,3,61,4,0,2,0,0,0,3,101,351,0,6,2,13,3,2,18,91800
2014,GRANT,9414,4328,12807,19091,45639,9496,4516,14241,19007,47261,0,0,0,0,0,0,0,0,0,25,1247,0,880,1059,439,0,82,66,0,0,37,0,3,10,4,5130,0,1564,42,522,3042,7216,201,79,0,0,0,0,0,0,0,0,0,0,0,4,582,0,136,83,167,0,21,25,0,1066,0,30,0,1,2,2,0,28,556,2839,103,33,211.0,0,0,0,0,0,0,0,0,0,0,0,0,1,78,17,25,43,0,1,3,91,1,0,1,2,7,0,0,90,371,1,10,2,9,3,0,14,92900
2015,GRANT,9418,4391,12875,19432,46115,9477,4574,14292,19471,47815,0,0,0,0,0,0,0,0,0,26,1149,1,938,1097,420,2,54,67,0,0,26,0,4,6,1,5271,1,1476,45,487,3108,7234,224,65,0,0,0,0,0,0,0,0,0,0,0,3,530,0,141,88,166,0,14,24,0,1044,0,21,0,7,1,1,2,37,462,2696,121,34,177.0,0,0,0,0,0,0,0,0,0,0,0,0,0,86,38,15,40,0,0,3,90,0,0,0,0,0,0,3,105,386,1,5,0,16,1,0,17,93930
2016,GRANT,9456,4461,12748,19705,46369,9490,4631,14274,19845,48241,0,0,0,0,0,0,0,0,0,12,1202,0,935,962,486,1,70,53,0,0,31,1,3,5,4,5062,1,1524,33,569,3049,7155,229,78,0,0,0,0,0,0,0,0,0,0,0,1,555,0,158,88,209,0,20,24,0,921,0,16,0,1,0,0,0,13,398,2546,111,31,188.0,0,0,0,0,0,0,0,0,0,0,0,0,4,85,12,14,33,0,0,2,54,0,0,0,0,1,0,2,87,300,1,5,0,6,1,3,7,94610
2010,GRAYS HARBOR,5110,2901,8541,19380,35933,5370,3112,8889,18295,35667,83,24,713,1,146,14,34,1815,2830,0,0,0,0,0,0,0,0,0,0,0,0,0,0,0,0,0,0,0,0,0,0,0,0,0,52,3,181,407,1,46,2809,9,25,473,4006,0,0,0,0,0,0,0,0,0,0,0,0,0,0,0,0,0,0,0,0,0,0,0,140.0,0,12,1,13,47,0,5,233,0,1,91,403,0,0,0,0,0,0,0,0,0,0,0,0,0,0,0,0,0,0,0,0,0,13,1,12,14,71600
2011,GRAYS HARBOR,5026,2650,8524,19288,35487,5086,2771,10327,19227,37413,80,7,578,3,152,27,27,1660,2534,0,0,0,0,0,0,0,0,0,0,0,0,0,0,0,0,0,0,0,0,0,0,0,0,0,54,3,176,444,4,25,2822,15,18,461,4022,0,0,0,0,0,0,0,0,0,0,0,0,0,0,0,0,0,0,0,0,0,0,0,-99.0,0,7,0,24,55,0,6,232,3,4,60,391,0,0,0,0,0,0,0,0,0,0,0,0,0,0,0,0,0,0,0,0,0,9,1,3,10,72900
2012,GRAYS HARBOR,5023,2556,8716,19309,35602,5079,2700,10587,19183,37548,0,0,0,0,0,0,0,0,0,8,535,0,436,314,527,0,43,91,0,0,6,0,2,4,5,2164,23,806,28,619,1335,3589,168,64,30,0,84,228,1,14,2218,7,22,364,2968,0,0,0,0,0,0,0,0,0,0,0,0,0,0,0,0,0,0,0,0,0,0,0,145.6,0,2,0,7,18,0,11,136,0,0,50,224,0,0,0,0,0,0,0,0,0,0,0,0,0,0,0,0,0,0,0,0,0,11,3,6,14,73150
2013,GRAYS HARBOR,5008,2520,8788,19304,35620,5086,2661,10626,19207,37580,0,0,0,0,0,0,0,0,0,9,739,1,670,484,478,1,21,129,0,0,6,0,1,2,6,3046,1,1139,21,543,1839,4728,262,58,0,0,0,0,0,0,0,0,0,0,0,0,373,1,150,85,258,1,7,31,0,1732,0,1,0,2,1,2,2,17,624,3465,142,36,139.0,0,0,0,0,0,0,0,0,0,0,0,0,0,44,27,15,24,0,0,12,67,0,0,0,0,1,0,0,64,254,0,0,1,9,6,4,16,73200
2014,GRAYS HARBOR,4975,2488,8769,19387,35619,5043,2619,10638,19381,37681,0,0,0,0,0,0,0,0,0,9,895,0,552,421,442,1,34,136,0,0,9,0,1,3,5,2692,9,1299,33,543,1642,4534,255,87,0,0,0,0,0,0,0,0,0,0,0,6,439,0,102,83,222,0,9,40,0,1296,0,1,0,1,0,2,9,20,498,2920,138,54,145.0,0,0,0,0,0,0,0,0,0,0,0,0,0,30,10,7,29,0,0,7,62,0,0,0,1,0,0,0,23,170,0,1,0,6,3,5,9,73300
2015,GRAYS HARBOR,4948,2491,8586,19411,35437,5001,2616,10523,19533,37673,0,0,0,0,0,0,0,0,0,6,1020,1,604,492,514,0,29,122,0,0,8,0,1,0,5,2800,5,1496,38,643,1630,4939,345,119,0,0,0,0,0,0,0,0,0,0,0,2,491,0,99,106,306,0,4,19,0,1179,0,4,0,1,0,0,4,18,501,2988,201,53,150.0,0,0,0,0,0,0,0,0,0,0,0,0,1,35,5,5,20,0,0,11,81,0,0,0,0,2,0,0,35,198,1,2,0,8,1,2,9,73110
2016,GRAYS HARBOR,4960,2500,8185,19471,35117,4989,2622,10316,19776,37703,0,0,0,0,0,0,0,0,0,16,917,0,418,457,436,2,39,157,0,0,6,0,3,0,16,2483,1,1421,24,536,1527,4440,338,83,0,0,0,0,0,0,0,0,0,0,0,5,406,0,75,93,247,0,6,44,0,1052,0,2,0,2,0,5,1,11,532,2687,181,25,142.67,0,0,0,0,0,0,0,0,0,0,0,0,0,34,7,8,12,0,1,7,34,0,0,0,0,5,0,0,30,140,1,1,0,5,1,6,6,72820
2010,ISLAND,5991,2985,10321,21120,40418,6445,3197,11742,19297,40682,74,5,332,0,49,17,8,779,1264,0,0,0,0,0,0,0,0,0,0,0,0,0,0,0,0,0,0,0,0,0,0,0,0,0,44,1,25,95,0,5,899,5,0,98,1172,0,0,0,0,0,0,0,0,0,0,0,0,0,0,0,0,0,0,0,0,0,0,0,-99.0,0,5,3,12,22,0,3,114,1,1,52,213,0,0,0,0,0,0,0,0,0,0,0,0,0,0,0,0,0,0,0,0,0,4,0,1,4,81100
2011,ISLAND,5174,2740,9311,22573,39799,5435,2769,10602,20197,39001,64,15,534,2,27,24,6,864,1536,0,0,0,0,0,0,0,0,0,0,0,0,0,0,0,0,0,0,0,0,0,0,0,0,0,43,3,41,105,3,4,899,6,1,115,1220,0,0,0,0,0,0,0,0,0,0,0,0,0,0,0,0,0,0,0,0,0,0,0,-99.0,0,0,1,10,19,0,0,123,2,0,38,193,0,0,0,0,0,0,0,0,0,0,0,0,0,0,0,0,0,0,0,0,0,0,0,0,0,78800
2012,ISLAND,5344,2508,9583,22664,40096,5564,2665,10852,20172,39254,0,0,0,0,0,0,0,0,0,9,544,0,493,559,177,0,21,41,0,0,5,0,1,2,2,2332,1,698,4,216,1246,3246,105,36,41,0,27,49,2,2,634,5,1,99,860,0,0,0,0,0,0,0,0,0,0,0,0,0,0,0,0,0,0,0,0,0,0,0,60.0,0,5,0,4,11,0,4,68,1,0,14,107,0,0,0,0,0,0,0,0,0,0,0,0,0,0,0,0,0,0,0,0,0,2,0,0,2,79350
2013,ISLAND,5427,2424,9646,22797,40293,5640,2597,10908,20260,39407,0,0,0,0,0,0,0,0,0,4,474,0,431,476,79,1,32,20,0,0,6,0,0,2,2,2084,2,633,8,114,1132,2831,131,31,0,0,0,0,0,0,0,0,0,0,0,0,234,0,34,23,32,0,3,1,0,860,0,5,0,0,0,1,2,2,156,1435,68,14,61.0,0,0,0,0,0,0,0,0,0,0,0,0,2,29,6,3,10,0,0,2,30,0,0,0,0,0,0,1,21,105,1,0,0,2,1,0,3,79700
2014,ISLAND,5517,2392,9618,22909,40436,5697,2566,10919,20383,39564,0,0,0,0,0,0,0,0,0,3,429,0,366,433,56,0,14,21,0,0,8,0,1,2,6,1778,0,566,9,105,953,2449,105,43,0,0,0,0,0,0,0,0,0,0,0,1,216,0,25,26,24,0,3,6,0,549,0,8,0,0,0,0,0,10,142,1076,57,9,54.0,0,0,0,0,0,0,0,0,0,0,0,0,0,35,0,10,0,0,0,0,23,0,0,0,0,0,0,0,15,87,3,1,0,2,0,0,2,80000
2015,ISLAND,5579,2358,9593,23199,40728,5721,2523,10872,20756,39872,0,0,0,0,0,0,0,0,0,3,371,0,262,296,37,2,22,23,0,0,6,0,1,0,4,1342,0,487,11,92,746,1921,86,51,0,0,0,0,0,0,0,0,0,0,0,1,210,0,13,18,17,0,5,7,0,356,0,3,0,3,0,1,0,5,73,761,42,7,53.0,0,0,0,0,0,0,0,0,0,0,0,0,0,16,3,5,4,0,0,3,18,0,0,1,0,0,0,1,16,68,1,0,0,4,0,3,4,80600
2016,ISLAND,5661,2284,9512,24571,42029,5739,2422,10742,21978,40881,0,0,0,0,0,0,0,0,0,3,408,0,268,326,75,0,22,24,0,0,4,0,1,4,1,1378,0,559,4,113,755,2050,118,37,0,0,0,0,0,0,0,0,0,0,0,0,196,0,28,21,44,0,4,6,0,468,0,6,1,0,1,0,0,4,98,940,52,11,52.0,0,0,0,0,0,0,0,0,0,0,0,0,0,24,3,9,4,0,0,2,10,2,0,0,0,0,0,0,14,68,0,0,0,2,1,1,3,82910
2010,JEFFERSON,1531,943,2387,9834,14696,1517,1003,2607,9478,14604,49,3,192,1,29,6,5,491,776,0,0,0,0,0,0,0,0,0,0,0,0,0,0,0,0,0,0,0,0,0,0,0,0,0,22,0,16,107,0,6,363,1,2,62,579,0,0,0,0,0,0,0,0,0,0,0,0,0,0,0,0,0,0,0,0,0,0,0,49.3,0,6,0,4,21,0,1,56,0,0,21,109,0,0,0,0,0,0,0,0,0,0,0,0,0,0,0,0,0,0,0,0,0,5,0,0,5,29300
2011,JEFFERSON,1341,818,2391,10610,15160,1373,852,2696,9970,14890,27,3,164,0,25,14,5,440,678,0,0,0,0,0,0,0,0,0,0,0,0,0,0,0,0,0,0,0,0,0,0,0,0,0,14,1,10,54,0,6,471,1,4,27,588,0,0,0,0,0,0,0,0,0,0,0,0,0,0,0,0,0,0,0,0,0,0,0,-99.0,0,2,0,13,23,0,0,45,0,0,10,93,0,0,0,0,0,0,0,0,0,0,0,0,0,0,0,0,0,0,0,0,0,3,0,0,3,30050
2012,JEFFERSON,1312,785,2444,10690,15231,1348,794,2788,10014,14944,0,0,0,0,0,0,0,0,0,12,319,1,199,245,62,0,17,25,0,0,2,0,0,5,4,1101,0,415,2,78,625,1594,64,12,20,1,12,27,0,3,402,0,1,45,511,0,0,0,0,0,0,0,0,0,0,0,0,0,0,0,0,0,0,0,0,0,0,0,46.4,0,1,0,2,10,0,1,47,0,0,12,73,0,0,0,0,0,0,0,0,0,0,0,0,0,0,0,0,0,0,0,0,0,2,1,0,3,30175
2013,JEFFERSON,1292,764,2472,10757,15285,1345,786,2785,10075,14990,0,0,0,0,0,0,0,0,0,3,275,0,158,194,68,0,22,23,0,0,6,1,0,3,1,971,1,397,1,81,593,1449,89,11,0,0,0,0,0,0,0,0,0,0,0,0,119,0,24,20,46,0,4,1,0,369,0,2,2,0,0,0,0,1,79,718,46,5,45.0,0,0,0,0,0,0,0,0,0,0,0,0,0,10,2,3,13,0,0,2,23,0,0,0,0,0,0,0,12,72,1,6,0,2,1,0,3,30275
2014,JEFFERSON,1295,738,2483,10987,15503,1352,759,2795,10291,15197,0,0,0,0,0,0,0,0,0,5,300,0,251,211,62,0,13,33,0,0,13,0,0,2,2,1112,0,411,5,77,627,1600,63,13,0,0,0,0,0,0,0,0,0,0,0,2,127,0,23,12,42,0,0,6,0,353,0,1,0,0,1,0,0,2,63,672,33,7,48.0,0,0,0,0,0,0,0,0,0,0,0,0,0,13,2,0,14,0,0,0,25,0,0,0,0,0,0,1,9,66,0,2,0,3,1,0,4,30700
2015,JEFFERSON,1279,727,2477,11083,15566,1320,753,2775,10465,15314,0,0,0,0,0,0,0,0,0,4,249,0,184,178,59,1,7,15,0,0,4,0,1,1,2,833,0,337,4,70,455,1240,67,9,0,0,0,0,0,0,0,0,0,0,0,0,108,0,19,14,46,0,0,3,0,303,0,0,0,1,0,1,0,5,45,591,43,3,39.0,0,0,0,0,0,0,0,0,0,0,0,0,1,14,3,2,7,0,0,0,52,0,0,0,0,0,0,0,5,84,0,0,0,1,0,0,1,30880
2016,JEFFERSON,1274,719,2468,11194,15655,1322,748,2756,10610,15435,0,0,0,0,0,0,0,0,0,3,249,0,135,161,71,0,13,18,0,0,3,0,1,1,1,774,0,320,2,86,460,1180,48,14,0,0,0,0,0,0,0,0,0,0,0,1,99,0,16,23,45,0,1,4,0,281,0,0,0,1,1,0,0,2,45,554,31,4,43.0,0,0,0,0,0,0,0,0,0,0,0,0,0,8,2,8,11,0,0,0,17,0,0,0,0,1,0,0,13,61,1,0,0,1,1,0,2,31090
2010,KING,130901,63510,314244,461405,970060,137390,66317,330725,428909,963340,3418,409,16047,41,9097,585,2562,53948,86107,0,0,0,0,0,0,0,0,0,0,0,0,0,0,0,0,0,0,0,0,0,0,0,0,0,952,12,709,2741,15,198,25996,53,450,5727,36853,0,0,0,0,0,0,0,0,0,0,0,0,0,0,0,0,0,0,0,0,0,0,0,2347.4,0,75,8,161,339,0,47,1174,4,146,660,2614,0,0,0,0,0,0,0,0,0,0,0,0,0,0,0,0,0,0,0,0,20,112,16,27,148,1933400
2011,KING,135553,65341,313876,460042,974814,142090,68701,324951,432044,967786,3647,335,16907,36,9031,565,2528,51843,84892,0,0,0,0,0,0,0,0,0,0,0,0,0,0,0,0,0,0,0,0,0,0,0,0,0,1001,16,566,2128,12,220,24385,61,436,5614,34439,0,0,0,0,0,0,0,0,0,0,0,0,0,0,0,0,0,0,0,0,0,0,0,2201.3,0,71,10,158,348,1,28,1284,16,87,678,2681,0,0,0,0,0,0,0,0,0,0,0,0,0,0,0,0,0,0,0,0,4,66,15,11,85,1942600
2012,KING,136886,66469,308835,469403,981590,143347,69495,319524,443043,975410,941,158,7454,23,3505,321,737,16124,29263,134,13567,0,9623,12105,3778,31,1037,652,2,0,130,1,34,44,26,72061,286,16151,1829,4892,47302,93104,1723,800,1162,17,676,1926,24,166,17907,62,411,5258,27609,0,0,0,0,0,0,0,0,0,0,0,0,0,0,0,0,0,0,0,0,0,0,0,1946.3,6,117,9,126,278,0,23,1406,4,93,792,2848,0,0,0,0,0,0,0,0,0,0,0,0,0,0,0,0,0,0,0,0,13,95,23,21,131,1957000
2013,KING,138927,67040,313040,474663,993670,145460,69747,324419,448603,988230,470,117,4942,9,2207,214,355,10437,18751,155,14514,0,11212,14064,3511,23,1210,675,0,3,134,2,34,50,54,86528,266,17484,2101,4730,57763,108742,2072,899,44,0,67,85,1,9,1024,7,18,450,1705,13,5547,0,672,775,1858,5,193,100,0,14259,0,40,2,10,16,8,182,456,6932,32225,828,329,1960.1,12,6,1,12,25,0,0,90,0,4,71,209,6,496,199,107,179,0,1,19,637,1,0,1,4,0,3,144,838,2695,10,50,7,96,19,20,122,1981900
2014,KING,141332,67668,323217,478986,1011203,147607,70525,335549,452366,1006047,547,127,4677,12,2413,229,408,10896,19309,185,16991,0,12289,15225,3682,35,1344,838,1,6,195,2,44,62,45,105971,521,20803,2251,5214,74642,131988,2665,965,41,1,42,53,3,7,985,8,38,471,1649,14,5682,0,605,717,1684,0,226,111,0,14183,0,33,1,21,25,4,329,426,7143,32512,990,318,2075.8,0,4,5,8,14,0,1,103,2,10,105,252,0,526,152,96,141,0,6,25,687,1,0,1,2,3,5,143,820,2675,14,53,3,99,23,30,125,2017250
2015,KING,142966,68696,333033,483253,1027948,149102,71707,346292,457751,1024852,427,114,3234,17,1969,196,266,7260,13483,219,18380,1,13708,16910,4248,69,1433,902,2,21,172,0,45,60,45,107549,480,22666,2251,6137,72958,136352,3086,1362,0,0,0,0,0,0,0,0,0,0,0,22,6444,0,694,923,1890,3,186,130,2,15294,8,42,1,16,17,9,224,522,7636,35765,1244,458,2029.884963989258,0,0,0,0,0,0,0,0,0,0,0,0,3,495,111,109,140,0,0,15,605,4,0,0,7,0,2,173,790,2544,11,79,2,87,22,26,111,2052800
2016,KING,146087,70209,352156,485134,1053585,151807,73352,367332,459024,1051515,492,97,3033,9,2443,181,309,6918,15270,234,18357,3,13547,17873,4494,93,1423,1105,0,14,168,0,49,69,57,112429,512,22788,2420,6457,76836,141674,3026,1394,0,0,0,0,0,0,0,0,0,0,0,26,6218,1,902,924,2005,3,199,158,0,15293,0,48,1,16,17,11,380,513,7150,35570,1266,439,2023.387954711912,0,0,0,0,0,0,0,0,0,0,0,0,4,438,84,96,119,0,3,14,503,4,0,8,5,2,1,147,710,2207,10,59,1,107,24,24,132,2105100
2010,KITSAP,19251,10158,33102,59687,122199,20499,10740,38315,56548,126101,718,58,1656,2,362,164,115,4438,7513,0,0,0,0,0,0,0,0,0,0,0,0,0,0,0,0,0,0,0,0,0,0,0,0,0,285,6,204,596,8,62,5325,46,71,562,7165,0,0,0,0,0,0,0,0,0,0,0,0,0,0,0,0,0,0,0,0,0,0,0,382.0,0,35,1,37,67,0,12,445,3,5,107,712,0,0,0,0,0,0,0,0,0,0,0,0,0,0,0,0,0,0,0,0,1,12,2,9,15,248300
2011,KITSAP,17849,9656,32372,65473,125350,18610,10311,38775,60854,128550,541,34,1984,3,568,123,115,4766,8134,0,0,0,0,0,0,0,0,0,0,0,0,0,0,0,0,0,0,0,0,0,0,0,0,0,241,5,215,514,5,36,4333,33,70,624,6076,0,0,0,0,0,0,0,0,0,0,0,0,0,0,0,0,0,0,0,0,0,0,0,-99.0,0,21,1,29,64,0,4,354,1,3,111,588,0,0,0,0,0,0,0,0,0,0,0,0,0,0,0,0,0,0,0,0,0,4,1,8,5,253900
2012,KITSAP,17751,8940,32422,66660,125774,18496,9685,39375,61170,128726,0,0,0,0,0,0,0,0,0,41,2683,0,2044,1831,1335,7,307,241,0,0,16,0,5,24,1,11441,19,2969,111,1503,7100,15913,0,148,148,6,131,328,3,20,1970,10,47,543,3206,0,0,0,0,0,0,0,0,0,0,0,0,0,0,0,0,0,0,0,0,0,0,0,430.0,7,10,0,19,30,0,4,200,2,11,69,345,0,0,0,0,0,0,0,0,0,0,0,0,0,0,0,0,0,0,0,0,0,17,4,13,21,254500
2013,KITSAP,17927,8441,31254,67914,125538,18580,9288,38925,61667,128462,0,0,0,0,0,0,0,0,0,41,2518,0,1884,1588,1049,6,362,224,0,0,12,0,2,18,1,10517,23,3304,107,1228,6529,15049,530,155,0,0,0,0,0,0,0,0,0,0,0,9,840,0,222,114,324,0,48,29,0,1418,0,3,0,2,4,0,8,36,773,4032,174,28,444.0,4,0,0,0,0,0,0,0,0,0,0,0,2,120,11,45,54,0,0,10,66,0,0,0,0,0,0,4,79,395,0,4,0,15,2,8,17,254000
2014,KITSAP,17891,8564,31057,68939,126451,18537,9252,39155,62506,129449,0,0,0,0,0,0,0,0,0,35,2520,1,1625,1438,967,8,298,245,0,0,17,0,7,14,0,10260,41,3411,82,1130,6773,14801,608,122,0,0,0,0,0,0,0,0,0,0,0,6,813,0,175,122,296,0,44,26,0,1120,0,3,0,1,4,0,19,33,803,3720,216,39,435.0,0,0,0,0,0,0,0,0,0,0,0,0,1,115,16,16,29,0,0,7,51,1,0,0,0,0,0,2,58,297,1,0,0,12,4,7,16,255900
2015,KITSAP,17979,8628,30726,70229,127563,18567,9222,39242,63606,130637,0,0,0,0,0,0,0,0,0,29,2655,0,1428,1449,835,8,360,196,0,0,18,1,7,18,0,9813,43,3557,96,1009,6443,14379,662,131,0,0,0,0,0,0,0,0,0,0,0,2,805,0,183,105,308,0,34,29,0,1114,0,4,0,6,2,0,24,39,721,3614,204,34,385.0,0,0,0,0,0,0,0,0,0,0,0,0,0,123,24,17,32,0,0,6,70,0,0,0,1,0,0,3,53,332,3,0,0,7,1,12,8,258200
2016,KITSAP,18206,8668,30338,72581,129793,18864,9207,39527,65199,132797,0,0,0,0,0,0,0,0,0,28,2788,1,1449,1387,897,15,287,204,0,1,20,0,1,19,17,9744,27,3689,93,1066,6484,14499,656,125,0,0,0,0,0,0,0,0,0,0,0,7,874,0,171,96,357,1,36,27,0,1161,0,5,0,2,0,1,8,45,674,3689,197,27,399.0,0,0,0,0,0,0,0,0,0,0,0,0,0,96,7,17,31,0,0,12,43,0,0,0,0,0,0,6,52,267,0,3,0,6,2,16,8,262590
2011,SKAMANIA,769,441,1248,3082,5539,772,463,1249,3127,5611,8,0,52,0,11,2,0,151,224,0,0,0,0,0,0,0,0,0,0,0,0,0,0,0,0,0,0,0,0,0,0,0,0,0,11,0,3,22,0,5,234,2,0,15,292,0,0,0,0,0,0,0,0,0,0,0,0,0,0,0,0,0,0,0,0,0,0,0,-99.0,0,0,0,0,1,0,0,13,0,0,3,17,0,0,0,0,0,0,0,0,0,0,0,0,0,0,0,0,0,0,0,0,0,0,0,0,0,11150
2010,KITTITAS,2366,1257,7662,9044,20330,2412,1361,7759,8638,20170,22,9,389,0,92,23,11,1309,1855,0,0,0,0,0,0,0,0,0,0,0,0,0,0,0,0,0,0,0,0,0,0,0,0,0,11,0,37,205,0,15,1778,8,8,150,2212,0,0,0,0,0,0,0,0,0,0,0,0,0,0,0,0,0,0,0,0,0,0,0,-99.0,0,2,0,14,22,0,0,86,0,0,46,170,0,0,0,0,0,0,0,0,0,0,0,0,0,0,0,0,0,0,0,0,0,5,2,0,7,40500
2011,KITTITAS,2434,1196,7767,8910,20308,2509,1325,8473,8685,20992,33,7,360,2,69,16,10,1135,1632,0,0,0,0,0,0,0,0,0,0,0,0,0,0,0,0,0,0,0,0,0,0,0,0,0,11,2,32,176,1,8,1701,4,10,129,2074,0,0,0,0,0,0,0,0,0,0,0,0,0,0,0,0,0,0,0,0,0,0,0,-99.0,0,0,0,6,16,0,3,94,0,1,26,146,0,0,0,0,0,0,0,0,0,0,0,0,0,0,0,0,0,0,0,0,0,0,0,0,0,41300
2012,KITTITAS,2351,1678,7756,8632,20418,2453,1606,8603,8421,21082,0,0,0,0,0,0,0,0,0,13,381,0,264,586,303,1,20,31,0,0,1,0,0,3,2,2228,0,524,6,330,1338,3082,108,25,8,3,13,99,0,6,834,3,2,101,1069,0,0,0,0,0,0,0,0,0,0,0,0,0,0,0,0,0,0,0,0,0,0,0,88.0,0,0,0,0,11,0,0,58,2,1,22,94,0,0,0,0,0,0,0,0,0,0,0,0,0,0,0,0,0,0,0,0,1,4,0,1,5,41500
2013,KITTITAS,2439,1589,7631,8943,20604,2550,1498,8479,8770,21296,0,0,0,0,0,0,0,0,0,4,384,1,334,662,158,2,24,22,0,0,2,0,1,1,2,2134,0,520,10,193,1097,2847,110,33,0,0,0,0,0,0,0,0,0,0,0,2,220,1,44,47,52,0,2,7,0,738,0,2,0,5,0,0,0,2,135,1332,59,16,99.0,1,0,0,0,0,0,0,0,0,0,0,0,0,20,4,9,9,0,0,1,35,0,0,0,0,0,0,2,21,103,1,1,0,2,0,2,2,41900
2014,KITTITAS,2419,1747,7526,8999,20692,2577,1620,8362,8849,21408,0,0,0,0,0,0,0,0,0,7,360,0,219,554,174,1,20,23,0,0,0,0,1,10,6,1839,1,525,4,218,1034,2582,131,37,0,0,0,0,0,0,0,0,0,0,0,4,196,0,11,42,53,0,6,8,0,706,0,0,0,1,2,1,1,7,145,1263,66,14,92.0,0,0,0,0,0,0,0,0,0,0,0,0,0,21,3,2,7,0,0,1,40,0,0,0,0,0,0,0,27,101,0,0,0,4,0,1,4,42100
2015,KITTITAS,2422,1800,7569,9106,20897,2593,1667,8438,9075,21773,0,0,0,0,0,0,0,0,0,4,343,0,204,520,214,2,12,33,0,0,0,0,0,5,6,1658,7,498,8,255,908,2411,117,28,0,0,0,0,0,0,0,0,0,0,0,0,195,0,17,37,95,1,5,12,0,618,0,0,0,0,2,0,6,4,117,1171,50,12,87.44,0,0,0,0,0,0,0,0,0,0,0,0,0,25,1,6,8,0,0,0,23,0,0,0,0,0,0,0,9,74,2,0,0,3,1,0,4,42670
2016,KITTITAS,2505,1753,7683,9343,21283,2665,1638,8663,9460,22427,0,0,0,0,0,0,0,0,0,3,306,0,156,402,213,2,23,31,0,0,1,1,0,0,11,1540,0,470,7,260,947,2270,131,36,0,0,0,0,0,0,0,0,0,0,0,5,165,0,24,33,120,0,1,6,0,620,0,0,0,1,0,0,0,2,108,1164,64,15,81.08,0,0,0,0,0,0,0,0,0,0,0,0,0,16,0,3,10,0,0,3,17,0,0,0,0,0,0,0,19,71,0,3,0,5,1,0,6,43710
2010,KLICKITAT,1572,906,2226,5522,10224,1562,937,2255,5522,10276,15,0,169,0,48,1,0,197,430,0,0,0,0,0,0,0,0,0,0,0,0,0,0,0,0,0,0,0,0,0,0,0,0,0,19,0,13,128,0,16,663,1,0,58,898,0,0,0,0,0,0,0,0,0,0,0,0,0,0,0,0,0,0,0,0,0,0,0,38.68,0,2,0,4,6,0,0,55,0,0,16,83,0,0,0,0,0,0,0,0,0,0,0,0,0,0,0,0,0,0,0,0,0,2,0,0,2,20500
2011,KLICKITAT,1378,784,2139,5832,10135,1470,824,2232,5839,10365,13,2,80,0,26,0,0,153,274,0,0,0,0,0,0,0,0,0,0,0,0,0,0,0,0,0,0,0,0,0,0,0,0,0,8,0,20,41,0,9,383,2,0,22,485,0,0,0,0,0,0,0,0,0,0,0,0,0,0,0,0,0,0,0,0,0,0,0,-99.0,0,1,0,9,3,0,0,31,0,0,7,51,0,0,0,0,0,0,0,0,0,0,0,0,0,0,0,0,0,0,0,0,0,1,0,0,1,20500
2012,KLICKITAT,1373,709,2161,5929,10172,1391,833,2219,5985,10428,0,0,0,0,0,0,0,0,0,0,126,0,91,130,33,0,13,12,0,0,0,0,0,0,0,486,0,188,1,46,251,720,50,13,4,0,4,20,0,2,223,3,1,17,274,0,0,0,0,0,0,0,0,0,0,0,0,0,0,0,0,0,0,0,0,0,0,0,33.0,0,2,0,0,1,0,0,29,0,0,6,38,0,0,0,0,0,0,0,0,0,0,0,0,0,0,0,0,0,0,0,0,0,5,1,0,6,20600
2013,KLICKITAT,1382,701,2144,6004,10232,1365,826,2203,6073,10468,0,0,0,0,0,0,0,0,0,0,143,0,107,106,22,0,15,6,0,0,0,0,1,0,0,466,0,207,4,36,234,709,57,14,0,0,0,0,0,0,0,0,0,0,0,0,57,0,10,5,12,0,1,0,0,194,0,0,0,0,0,0,0,8,45,355,20,3,37.0,0,0,0,0,0,0,0,0,0,0,0,0,0,12,0,0,4,0,0,0,19,0,0,0,0,0,0,0,13,48,0,0,0,5,1,0,6,20700
2014,KLICKITAT,1380,702,2149,6085,10317,1351,829,2211,6143,10533,0,0,0,0,0,0,0,0,0,2,136,0,81,107,17,0,12,10,0,0,0,0,0,1,0,411,0,173,2,21,207,605,26,4,0,0,0,0,0,0,0,0,0,0,0,0,59,0,5,6,15,0,0,0,0,230,0,0,0,0,0,0,0,0,22,345,7,1,47.0,0,0,0,0,0,0,0,0,0,0,0,0,0,7,5,1,2,0,0,0,41,0,0,0,0,0,0,3,17,77,1,0,1,2,0,0,3,20850
2015,KLICKITAT,1377,697,2109,6185,10368,1334,815,2191,6292,10632,0,0,0,0,0,0,0,0,0,7,158,0,120,128,25,0,5,13,0,0,1,0,0,0,0,548,0,202,2,40,286,790,30,15,0,0,0,0,0,0,0,0,0,0,0,1,51,0,7,8,6,0,1,2,0,274,0,0,0,0,0,0,0,0,32,396,14,0,44.8,0,0,0,0,0,0,0,0,0,0,0,0,0,7,0,4,3,0,0,0,9,0,0,0,0,0,0,0,7,30,0,0,0,1,0,0,1,21000
2016,KLICKITAT,1379,695,2070,6328,10472,1343,799,2179,6478,10798,0,0,0,0,0,0,0,0,0,0,159,0,66,73,22,0,2,16,0,0,0,0,2,1,1,337,0,221,2,34,194,592,43,11,0,0,0,0,0,0,0,0,0,0,0,0,58,0,3,7,11,0,1,5,0,271,0,2,0,0,1,0,0,0,24,402,18,1,44.7,0,0,0,0,0,0,0,0,0,0,0,0,0,6,0,0,0,0,0,0,14,0,0,0,0,0,0,0,6,26,0,0,0,2,0,1,2,21270
2010,LEWIS,5561,3164,8942,20377,38045,5743,3527,9195,19090,37555,125,12,614,6,159,22,22,1949,2909,0,0,0,0,0,0,0,0,0,0,0,0,0,0,0,0,0,0,0,0,0,0,0,0,0,97,2,94,362,4,15,2333,5,20,429,3361,0,0,0,0,0,0,0,0,0,0,0,0,0,0,0,0,0,0,0,0,0,0,0,182.0,0,14,4,31,41,0,1,237,0,4,76,408,0,0,0,0,0,0,0,0,0,0,0,0,0,0,0,0,0,0,0,0,0,13,10,6,23,75600
2011,LEWIS,5415,2960,9197,20394,37966,5719,3256,9643,19416,38034,122,6,494,1,123,26,22,1342,2136,0,0,0,0,0,0,0,0,0,0,0,0,0,0,0,0,0,0,0,0,0,0,0,0,0,76,3,81,429,1,16,1997,12,13,297,2925,0,0,0,0,0,0,0,0,0,0,0,0,0,0,0,0,0,0,0,0,0,0,0,-99.0,0,16,3,16,52,0,5,201,1,1,65,360,0,0,0,0,0,0,0,0,0,0,0,0,0,0,0,0,0,0,0,0,1,5,1,4,7,76000
2012,LEWIS,5379,2911,9382,20434,38107,5676,3079,9980,19458,38193,0,0,0,0,0,0,0,0,0,12,851,0,555,638,665,2,37,84,0,0,4,0,3,10,7,2980,1,1178,23,723,1713,4881,226,50,48,3,63,263,3,12,1401,9,15,204,2021,0,0,0,0,0,0,0,0,0,0,0,0,0,0,0,0,0,0,0,0,0,0,0,184.0,0,3,0,11,28,0,4,145,1,1,38,231,0,0,0,0,0,0,0,0,0,0,0,0,0,0,0,0,0,0,0,0,0,20,8,5,28,76300
2013,LEWIS,5375,2891,9319,20506,38091,5648,3004,9943,19516,38109,0,0,0,0,0,0,0,0,0,14,814,0,480,438,394,1,47,66,0,0,17,0,1,6,3,2533,1,1127,23,441,1530,4101,223,43,0,0,0,0,0,0,0,0,0,0,0,2,519,0,91,67,229,1,19,21,0,1121,0,15,0,1,1,2,0,13,336,2574,113,23,210.0,1,0,0,0,0,0,0,0,0,0,0,0,4,95,6,24,26,0,0,4,57,0,0,0,0,0,0,1,38,256,1,0,2,10,4,2,16,76200
2014,LEWIS,5359,2813,9373,20572,38116,5669,2921,9989,19606,38184,0,0,0,0,0,0,0,0,0,13,777,0,486,541,376,4,62,83,0,0,19,0,1,4,7,2836,1,1097,25,423,1705,4356,213,39,0,0,0,0,0,0,0,0,0,0,0,7,456,0,95,49,201,2,13,34,0,1220,0,12,0,4,1,4,0,15,455,2650,64,18,205.0,0,0,0,0,0,0,0,0,0,0,0,0,2,77,10,14,26,0,0,11,33,0,0,0,0,1,0,0,49,224,0,1,0,13,1,5,14,76300
2015,LEWIS,5332,2793,9355,20741,38222,5642,2923,9973,19900,38438,0,0,0,0,0,0,0,0,0,8,729,0,437,682,323,1,44,70,0,0,6,0,1,5,5,2881,1,1034,34,350,1675,4265,223,21,0,0,0,0,0,0,0,0,0,0,0,0,430,0,93,73,172,1,10,24,0,1209,0,6,0,0,1,3,1,22,352,2487,80,10,179.0,0,0,0,0,0,0,0,0,0,0,0,0,0,80,10,20,27,0,0,8,78,1,0,0,1,0,0,3,46,278,3,1,0,8,4,10,12,76660
2016,LEWIS,5352,2788,9304,20837,38281,5649,2922,9936,20103,38609,0,0,0,0,0,0,0,0,0,10,721,0,441,690,315,1,77,59,0,0,8,0,1,7,16,3222,0,1005,28,365,1975,4592,209,34,0,0,0,0,0,0,0,0,0,0,0,1,452,0,88,74,199,0,20,24,0,1372,0,10,0,1,3,4,0,20,409,2795,105,13,212.0,0,0,0,0,0,0,0,0,0,0,0,0,0,84,7,14,23,0,0,3,46,1,0,0,3,6,0,1,55,245,0,2,0,11,3,2,14,76890
2010,LINCOLN,678,440,975,3186,5280,771,453,951,3045,5220,4,3,43,0,6,2,1,111,170,0,0,0,0,0,0,0,0,0,0,0,0,0,0,0,0,0,0,0,0,0,0,0,0,0,2,1,3,20,0,2,107,1,0,9,145,0,0,0,0,0,0,0,0,0,0,0,0,0,0,0,0,0,0,0,0,0,0,0,13.42,0,2,2,4,10,0,0,47,0,0,9,74,0,0,0,0,0,0,0,0,0,0,0,0,0,0,0,0,0,0,0,0,0,2,0,0,2,10500
2011,LINCOLN,737,426,960,3182,5305,743,460,979,3114,5295,8,2,56,0,7,1,1,106,181,0,0,0,0,0,0,0,0,0,0,0,0,0,0,0,0,0,0,0,0,0,0,0,0,0,5,0,6,34,0,0,126,0,0,5,176,0,0,0,0,0,0,0,0,0,0,0,0,0,0,0,0,0,0,0,0,0,0,0,-99.0,0,0,1,5,4,0,0,17,0,0,6,33,0,0,0,0,0,0,0,0,0,0,0,0,0,0,0,0,0,0,0,0,0,0,0,0,0,10600
2012,LINCOLN,723,426,1019,3174,5340,742,437,1038,3120,5335,0,0,0,0,0,0,0,0,0,2,86,0,59,68,56,0,1,6,0,0,0,0,0,1,0,284,0,97,0,61,154,442,4,5,3,0,12,13,0,3,88,0,0,13,132,0,0,0,0,0,0,0,0,0,0,0,0,0,0,0,0,0,0,0,0,0,0,0,17.0,1,2,0,5,1,0,0,21,0,0,3,32,0,0,0,0,0,0,0,0,0,0,0,0,0,0,0,0,0,0,0,0,0,1,1,0,2,10675
2013,LINCOLN,712,433,1025,3176,5346,723,422,1057,3126,5329,0,0,0,0,0,0,0,0,0,1,61,0,52,50,36,0,0,8,0,0,1,0,0,0,0,218,0,72,0,44,115,334,2,8,0,0,0,0,0,0,0,0,0,0,0,0,40,0,14,7,14,0,0,1,0,84,0,2,0,0,0,0,0,0,15,187,2,8,16.0,0,0,0,0,0,0,0,0,0,0,0,0,0,8,4,2,3,0,0,1,23,0,0,0,0,0,0,0,5,47,0,1,0,1,0,1,1,10675
2014,LINCOLN,702,433,1028,3185,5348,725,423,1061,3143,5352,0,0,0,0,0,0,0,0,0,0,74,0,53,40,36,0,0,13,0,0,1,0,0,2,2,220,0,90,1,46,126,356,0,8,0,0,0,0,0,0,0,0,0,0,0,0,41,0,13,13,5,0,0,2,0,78,0,0,0,0,1,0,0,0,32,191,0,6,23.0,0,0,0,0,0,0,0,0,0,0,0,0,0,7,0,5,2,0,0,1,8,0,0,0,0,0,0,0,4,28,0,1,0,0,0,0,0,10700
2015,LINCOLN,677,425,1042,3206,5350,715,416,1077,3162,5370,0,0,0,0,0,0,0,0,0,1,82,1,39,41,36,0,0,7,0,0,1,0,0,0,0,221,0,93,2,47,137,361,3,11,0,0,0,0,0,0,0,0,0,0,0,0,59,0,7,12,9,0,0,0,0,83,0,0,0,0,0,0,0,1,18,200,2,9,24.0,0,0,0,0,0,0,0,0,0,0,0,0,0,4,1,2,2,0,0,1,16,1,0,0,0,0,0,0,3,34,0,4,0,1,0,0,1,10720
2016,LINCOLN,686,419,997,3211,5313,712,407,1022,3185,5327,0,0,0,0,0,0,0,0,0,2,81,0,59,38,34,0,0,5,0,0,0,0,0,2,0,231,0,91,2,42,130,364,3,8,0,0,0,0,0,0,0,0,0,0,0,0,63,0,21,8,26,0,0,1,0,91,0,0,0,0,1,0,0,3,37,261,1,9,29.0,0,0,0,0,0,0,0,0,0,0,0,0,1,5,0,0,0,0,0,1,7,0,0,0,2,0,0,0,1,17,0,0,0,0,0,0,0,10640
2010,MASON,3638,2181,5997,15746,27561,3894,2230,7705,15712,29539,108,10,690,1,322,39,39,1542,2751,0,0,0,0,0,0,0,0,0,0,0,0,0,0,0,0,0,0,0,0,0,0,0,0,0,54,3,57,140,2,7,1768,13,16,165,2225,0,0,0,0,0,0,0,0,0,0,0,0,0,0,0,0,0,0,0,0,0,0,0,-99.0,0,10,0,19,22,0,1,202,0,1,25,280,0,0,0,0,0,0,0,0,0,0,0,0,0,0,0,0,0,0,0,0,1,5,4,18,10,57100
2011,MASON,3836,2058,6593,17004,29492,4171,2211,8220,17007,31608,130,5,823,0,250,31,13,1415,2667,0,0,0,0,0,0,0,0,0,0,0,0,0,0,0,0,0,0,0,0,0,0,0,0,0,69,1,47,128,0,10,1737,6,13,145,2156,0,0,0,0,0,0,0,0,0,0,0,0,0,0,0,0,0,0,0,0,0,0,0,-99.0,0,4,0,11,39,0,4,184,5,4,36,287,0,0,0,0,0,0,0,0,0,0,0,0,0,0,0,0,0,0,0,0,0,2,0,2,2,61100
2012,MASON,3855,2026,6790,17059,29731,4090,2200,8400,17029,31719,0,0,0,0,0,0,0,0,0,12,440,0,909,584,285,0,64,84,0,0,11,0,6,1,0,3574,0,671,22,447,1983,4692,129,162,43,0,44,89,8,11,1246,4,7,151,1603,0,0,0,0,0,0,0,0,0,0,0,0,0,0,0,0,0,0,0,0,0,0,0,119.0,1,2,3,5,19,1,1,70,0,4,16,121,0,0,0,0,0,0,0,0,0,0,0,0,0,0,0,0,0,0,0,0,0,6,1,1,7,61450
2013,MASON,3863,1994,6870,17202,29928,4144,2175,8434,17120,31872,0,0,0,0,0,0,0,0,0,3,367,0,692,628,203,0,53,53,0,0,12,0,3,3,5,2993,0,535,21,397,1596,3925,97,189,0,0,0,0,0,0,0,0,0,0,0,0,158,0,52,33,109,0,10,13,0,1470,0,9,0,3,0,0,0,14,197,2114,32,14,116.0,0,0,0,0,0,0,0,0,0,0,0,0,1,20,1,4,10,0,0,2,30,1,0,0,0,0,0,1,13,84,0,1,1,8,0,1,9,61800
2014,MASON,3883,1986,6894,17264,30026,4113,2170,8444,17247,31974,0,0,0,0,0,0,0,0,0,9,420,0,677,484,252,0,47,62,0,0,13,3,2,4,3,2871,0,613,20,382,1634,3866,109,127,0,0,0,0,0,0,0,0,0,0,0,3,181,0,54,29,129,0,7,16,0,1343,0,10,0,2,0,0,0,13,205,2033,34,7,115.0,0,0,0,0,0,0,0,0,0,0,0,0,3,15,0,2,11,0,0,3,22,0,1,0,0,0,0,0,12,70,0,1,0,7,1,3,8,62000
2015,MASON,3869,1989,6907,17351,30116,4057,2164,8423,17440,32084,0,0,0,0,0,0,0,0,0,11,449,0,568,389,238,0,33,45,0,0,10,1,3,0,3,2562,0,613,20,400,1541,3575,105,159,0,0,0,0,0,0,0,0,0,0,0,6,198,0,53,30,116,0,9,10,0,1457,0,4,1,3,0,0,0,16,190,2123,24,6,126.0,0,0,0,0,0,0,0,0,0,0,0,0,0,17,0,6,9,0,0,0,32,0,0,0,0,0,0,0,21,87,0,2,0,8,2,1,10,62200
2016,MASON,3879,1993,6898,17393,30163,4055,2163,8388,17550,32157,0,0,0,0,0,0,0,0,0,4,358,0,420,334,237,1,57,70,0,0,16,1,5,3,4,2248,1,562,14,382,1418,3192,109,140,0,0,0,0,0,0,0,0,0,0,0,2,157,0,51,17,139,0,6,7,0,1718,0,17,0,2,0,0,1,9,178,2359,36,19,124.0,0,0,0,0,0,0,0,0,0,0,0,0,1,15,1,3,5,0,0,3,9,0,0,0,0,0,0,0,9,47,0,1,0,7,2,4,9,62320
2010,OKANOGAN,3177,1840,4631,10773,20420,3224,1899,4825,10533,20480,41,3,211,1,69,9,14,522,870,0,0,0,0,0,0,0,0,0,0,0,0,0,0,0,0,0,0,0,0,0,0,0,0,0,25,2,27,65,1,0,1084,2,1,85,1292,0,0,0,0,0,0,0,0,0,0,0,0,0,0,0,0,0,0,0,0,0,0,0,164.0,0,2,0,6,18,0,4,155,0,0,20,205,0,0,0,0,0,0,0,0,0,0,0,0,0,0,0,0,0,0,0,0,0,8,1,3,9,40900
2011,OKANOGAN,3064,1562,4591,11180,20397,3263,1662,4858,11020,20803,74,1,204,2,47,7,8,465,808,0,0,0,0,0,0,0,0,0,0,0,0,0,0,0,0,0,0,0,0,0,0,0,0,0,41,0,26,45,0,5,1068,0,0,86,1271,0,0,0,0,0,0,0,0,0,0,0,0,0,0,0,0,0,0,0,0,0,0,0,-99.0,0,4,0,11,19,0,3,157,1,0,30,225,0,0,0,0,0,0,0,0,0,0,0,0,0,0,0,0,0,0,0,0,1,3,0,1,4,41200
2012,OKANOGAN,3146,1461,4624,11265,20495,3346,1596,4873,11116,20930,0,0,0,0,0,0,0,0,0,5,438,0,261,288,148,0,5,13,0,0,0,0,0,2,1,1150,0,466,5,166,586,1782,13,17,32,0,33,45,0,8,868,3,3,73,1065,0,0,0,0,0,0,0,0,0,0,0,0,0,0,0,0,0,0,0,0,0,0,0,364.0,0,3,0,9,22,0,2,64,0,0,22,122,0,0,0,0,0,0,0,0,0,0,0,0,0,0,0,0,0,0,0,0,1,5,1,0,7,41425
2013,OKANOGAN,3141,1460,4637,11306,20546,3368,1600,4877,11111,20954,0,0,0,0,0,0,0,0,0,4,345,0,281,275,92,0,16,15,0,0,1,0,5,1,0,1291,0,382,9,129,706,1802,15,37,0,0,0,0,0,0,0,0,0,0,0,0,201,0,40,23,47,0,3,4,0,687,0,0,0,1,1,0,0,6,134,1168,7,14,172.0,0,0,0,0,0,0,0,0,0,0,0,0,0,6,1,2,10,0,0,0,35,0,0,0,0,0,0,0,45,102,0,3,0,9,0,0,9,41500
2014,OKANOGAN,3162,1462,4548,11427,20599,3406,1582,4803,11310,21101,0,0,0,0,0,0,0,0,0,2,292,0,301,271,95,0,10,12,0,0,2,0,1,2,1,1230,0,324,6,113,640,1667,15,17,0,0,0,0,0,0,0,0,0,0,0,1,163,0,38,15,47,0,2,7,0,631,0,1,0,1,0,0,0,3,125,1055,10,11,166.0,0,0,0,0,0,0,0,0,0,0,0,0,0,6,0,5,14,0,0,0,49,0,0,0,0,0,0,0,18,93,0,1,0,9,4,0,13,41700
2015,OKANOGAN,3159,1478,4509,11519,20665,3374,1595,4769,11457,21195,0,0,0,0,0,0,0,0,0,2,284,0,246,213,103,0,2,15,0,0,0,0,1,0,1,1053,0,310,3,115,587,1478,10,11,0,0,0,0,0,0,0,0,0,0,0,0,116,0,29,7,28,0,1,1,0,770,0,0,0,3,0,0,0,1,121,1086,6,3,172.97,0,0,0,0,0,0,0,0,0,0,0,0,0,8,0,5,12,0,0,2,27,0,0,0,0,0,0,0,8,62,0,0,0,8,1,0,9,41860
2016,OKANOGAN,3171,1470,4310,11608,20558,3372,1601,4577,11621,21172,0,0,0,0,0,0,0,0,0,4,308,0,189,164,110,0,4,11,0,0,2,0,0,1,0,831,0,330,10,124,460,1285,8,14,0,0,0,0,0,0,0,0,0,0,0,1,100,0,38,16,43,0,0,2,0,836,0,0,0,0,0,0,0,5,81,1136,6,8,181.0,0,0,0,0,0,0,0,0,0,0,0,0,0,6,1,0,11,0,0,0,38,0,0,0,0,0,0,0,6,62,0,0,0,13,2,0,15,41730
2010,PACIFIC,1204,776,1909,7230,11120,1271,862,2069,6777,10980,25,5,250,0,33,6,3,363,685,0,0,0,0,0,0,0,0,0,0,0,0,0,0,0,0,0,0,0,0,0,0,0,0,0,13,1,14,62,0,3,499,2,0,25,619,0,0,0,0,0,0,0,0,0,0,0,0,0,0,0,0,0,0,0,0,0,0,0,33.5,0,0,0,7,1,0,0,37,0,1,1,47,0,0,0,0,0,0,0,0,0,0,0,0,0,0,0,0,0,0,0,0,0,3,1,5,4,22100
2011,PACIFIC,1125,613,1886,6796,10420,1218,720,2067,6473,10480,14,1,221,1,19,8,1,275,540,0,0,0,0,0,0,0,0,0,0,0,0,0,0,0,0,0,0,0,0,0,0,0,0,0,9,0,4,52,0,1,339,0,0,15,420,0,0,0,0,0,0,0,0,0,0,0,0,0,0,0,0,0,0,0,0,0,0,0,-99.0,0,0,0,0,0,1,0,22,0,0,7,30,0,0,0,0,0,0,0,0,0,0,0,0,0,0,0,0,0,0,0,0,0,3,0,0,3,20900
2012,PACIFIC,1119,590,1902,6810,10421,1224,620,2174,6529,10549,0,0,0,0,0,0,0,0,0,0,156,0,179,96,59,0,8,9,0,0,0,0,0,2,2,557,1,185,1,72,273,814,18,10,8,0,5,17,0,1,108,0,0,15,154,0,0,0,0,0,0,0,0,0,0,0,0,0,0,0,0,0,0,0,0,0,0,0,31.0,0,0,0,0,2,0,0,5,0,0,0,7,0,0,0,0,0,0,0,0,0,0,0,0,0,0,0,0,0,0,0,0,0,5,0,7,5,20970
2013,PACIFIC,1125,587,1904,6813,10430,1240,658,2140,6532,10570,0,0,0,0,0,0,0,0,0,2,217,0,185,79,107,0,5,18,0,0,0,0,0,1,2,550,0,256,1,142,278,948,20,33,0,0,0,0,0,0,0,0,0,0,0,0,180,0,18,21,62,0,3,9,0,161,0,4,0,1,0,0,0,0,59,566,35,13,44.0,1,0,0,0,0,0,0,0,0,0,0,0,0,6,1,0,1,0,0,0,2,0,0,0,0,0,0,0,1,11,0,0,0,2,4,3,6,21000
2014,PACIFIC,1105,586,1885,6889,10465,1207,693,2098,6637,10635,0,0,0,0,0,0,0,0,0,1,210,0,154,29,107,0,5,17,0,0,1,0,0,4,0,471,0,250,1,118,281,839,18,11,0,0,0,0,0,0,0,0,0,0,0,0,128,0,10,3,34,0,1,6,0,131,0,1,0,0,0,0,0,0,32,367,18,3,42.0,0,0,0,0,0,0,0,0,0,0,0,0,0,2,0,3,0,0,0,1,6,0,0,0,0,0,0,0,1,13,0,0,0,2,2,1,4,21100
2015,PACIFIC,1105,587,1860,6913,10465,1213,698,2078,6756,10745,0,0,0,0,0,0,0,0,0,1,187,0,124,25,64,0,7,14,0,0,0,0,0,0,0,376,0,211,2,73,217,660,10,9,0,0,0,0,0,0,0,0,0,0,0,0,102,0,6,9,39,0,2,3,0,139,0,0,0,0,0,0,0,0,26,337,10,1,39.0,0,0,0,0,0,0,0,0,0,0,0,0,1,9,0,0,0,0,0,0,6,0,0,0,0,0,0,0,1,17,0,0,0,4,1,4,5,21210
2016,PACIFIC,1112,589,1837,6888,10426,1210,706,2058,6780,10754,0,0,0,0,0,0,0,0,0,0,175,0,89,22,63,0,7,10,0,0,1,0,1,1,1,335,0,197,1,80,216,612,9,16,0,0,0,0,0,0,0,0,0,0,0,0,101,0,13,8,34,0,4,2,0,163,0,2,0,2,0,0,0,0,37,377,5,6,44.0,0,0,0,0,0,0,0,0,0,0,0,0,0,3,0,2,2,0,0,1,10,2,0,0,0,0,0,0,4,24,0,0,0,9,5,0,14,21180
2010,PEND OREILLE,896,611,1276,3693,6476,960,589,1193,3883,6624,16,2,140,0,39,0,0,243,440,0,0,0,0,0,0,0,0,0,0,0,0,0,0,0,0,0,0,0,0,0,0,0,0,0,2,0,7,36,0,4,238,1,0,11,299,0,0,0,0,0,0,0,0,0,0,0,0,0,0,0,0,0,0,0,0,0,0,0,28.0,0,0,0,0,0,0,0,0,0,0,0,0,0,0,0,0,0,0,0,0,0,0,0,0,0,0,0,0,0,0,0,0,0,4,0,0,4,13100
2011,PEND OREILLE,820,515,1176,3892,6403,900,529,1210,3957,6597,16,0,133,0,26,1,0,252,428,0,0,0,0,0,0,0,0,0,0,0,0,0,0,0,0,0,0,0,0,0,0,0,0,0,0,0,14,27,0,4,226,0,1,23,295,0,0,0,0,0,0,0,0,0,0,0,0,0,0,0,0,0,0,0,0,0,0,0,-99.0,0,0,0,0,0,0,0,2,0,0,0,2,0,0,0,0,0,0,0,0,0,0,0,0,0,0,0,0,0,0,0,0,0,2,1,0,3,13000
2012,PEND OREILLE,800,479,1248,3935,6464,855,530,1264,3989,6636,0,0,0,0,0,0,0,0,0,0,224,0,142,129,66,0,2,9,0,0,1,0,3,0,0,626,0,302,1,89,352,1017,65,23,1,0,11,7,1,2,153,1,0,15,191,0,0,0,0,0,0,0,0,0,0,0,0,0,0,0,0,0,0,0,0,0,0,0,28.0,0,0,0,0,0,0,0,0,0,0,0,0,0,0,0,0,0,0,0,0,0,0,0,0,0,0,0,0,0,0,0,0,0,2,0,0,2,13100
2013,PEND OREILLE,804,462,1275,3957,6496,842,523,1275,4013,6654,0,0,0,0,0,0,0,0,0,2,218,0,142,149,81,0,2,8,0,0,0,1,1,0,3,660,0,299,0,114,365,1073,71,30,0,0,0,0,0,0,0,0,0,0,0,0,0,0,0,0,0,0,0,0,0,0,0,0,0,0,0,0,0,0,0,0,0,0,28.0,0,0,0,0,0,0,0,0,0,0,0,0,0,0,0,0,0,0,0,0,0,0,0,0,0,0,0,0,0,0,0,0,0,1,0,0,1,13150
2014,PEND OREILLE,801,445,1285,3983,6514,827,507,1297,4065,6696,0,0,0,0,0,0,0,0,0,2,203,0,135,87,81,0,0,14,0,0,1,0,0,0,1,509,0,269,1,107,284,885,51,25,0,0,0,0,0,0,0,0,0,0,0,1,79,0,3,2,28,0,0,1,0,62,0,1,0,0,0,0,0,0,25,210,7,1,28.0,0,0,0,0,0,0,0,0,0,0,0,0,0,0,0,0,0,0,0,0,0,0,0,0,0,0,0,0,0,0,0,0,0,0,0,0,0,13210
2015,PEND OREILLE,792,440,1288,3999,6518,822,497,1305,4099,6722,0,0,0,0,0,0,0,0,0,1,188,0,108,76,63,0,0,15,0,0,0,0,0,0,2,412,0,234,1,86,226,732,31,21,0,0,0,0,0,0,0,0,0,0,0,1,67,0,8,7,18,0,0,1,0,50,0,2,0,0,0,0,0,0,14,180,7,5,22.8,0,0,0,0,0,0,0,0,0,0,0,0,0,0,0,0,0,0,0,0,0,0,0,0,0,0,0,0,0,0,0,0,0,2,0,0,2,13240
2016,PEND OREILLE,787,437,1292,4005,6521,820,487,1316,4146,6769,0,0,0,0,0,0,0,0,0,2,174,0,72,36,82,0,1,14,0,0,1,0,0,1,0,336,0,219,1,112,224,667,29,30,0,0,0,0,0,0,0,0,0,0,0,0,74,0,4,3,31,0,0,5,0,46,0,3,0,0,0,0,0,1,13,190,5,5,25.5,0,0,0,0,0,0,0,0,0,0,0,0,0,8,1,1,6,0,0,0,1,0,0,0,0,0,0,0,3,20,0,0,0,0,0,0,0,13290
2010,PIERCE,66103,33207,123858,185803,408970,69357,34521,130067,171687,405630,2333,167,7944,26,4100,317,1075,19484,35446,0,0,0,0,0,0,0,0,0,0,0,0,0,0,0,0,0,0,0,0,0,0,0,0,0,877,11,578,2160,24,89,18447,26,277,2102,24591,0,0,0,0,0,0,0,0,0,0,0,0,0,0,0,0,0,0,0,0,0,0,0,1311.0,0,136,10,169,343,4,34,1670,9,104,703,3182,0,0,0,0,0,0,0,0,0,0,0,0,0,0,0,0,0,0,0,0,9,69,19,52,97,814600
2011,PIERCE,64363,32439,121453,187521,405776,67087,33955,122155,173176,396374,2114,177,7711,23,4088,296,906,19150,34465,0,0,0,0,0,0,0,0,0,0,0,0,0,0,0,0,0,0,0,0,0,0,0,0,0,826,21,598,1774,27,78,17314,54,288,2574,23554,0,0,0,0,0,0,0,0,0,0,0,0,0,0,0,0,0,0,0,0,0,0,0,-99.0,0,119,27,213,289,1,26,1470,11,72,686,2914,0,0,0,0,0,0,0,0,0,0,0,0,0,0,0,0,0,0,0,0,1,36,13,22,50,802150
2012,PIERCE,64359,31478,122951,190205,408993,67346,32903,123294,175664,399207,45,2,209,0,117,5,15,566,959,164,9853,1,8721,12915,3035,33,796,753,0,0,194,2,35,94,46,53278,208,13299,886,3916,29762,70493,2368,627,666,13,486,1056,10,83,12189,17,212,2131,16863,0,0,0,0,0,0,0,0,0,0,0,0,0,0,0,0,0,0,0,0,0,0,0,1547.0,4,76,8,101,211,2,20,1006,19,57,547,2047,0,0,0,0,0,0,0,0,0,0,0,0,0,0,0,0,0,0,0,0,5,64,20,64,89,808200
2013,PIERCE,64963,31377,123073,192786,412199,67915,32745,123419,178223,402301,0,0,0,0,0,0,0,0,0,202,10022,0,7974,12637,2773,45,794,749,0,0,180,1,24,84,57,53478,178,13267,908,3807,30918,70552,2207,799,0,0,0,0,0,0,0,0,0,0,0,22,3873,0,645,632,1337,5,130,68,0,9902,0,78,2,22,22,7,115,278,3407,21487,699,243,1150.0,6,0,0,0,0,0,0,0,0,0,0,0,11,645,112,160,268,0,2,47,436,10,0,1,6,2,2,51,592,2403,1,57,7,42,8,49,57,814500
2014,PIERCE,65671,31278,123157,195551,415657,68830,32639,123200,180974,405643,0,0,0,0,0,0,0,0,0,162,9877,0,8382,10841,3042,53,800,794,0,0,170,2,30,85,66,51110,149,13203,981,4023,29891,68336,2245,766,0,0,0,0,0,0,0,0,0,0,0,27,3909,0,646,521,1533,5,148,89,0,9164,0,70,1,24,14,7,70,298,3086,20531,711,208,1133.0,0,0,0,0,0,0,0,0,0,0,0,0,8,577,119,120,233,3,1,32,362,3,1,2,3,3,5,65,458,2024,1,28,2,55,6,46,63,821300
2015,PIERCE,66396,31421,123185,198826,419828,69473,32820,122983,185016,410292,0,0,0,0,0,0,0,0,0,164,10075,2,7276,11458,3190,58,756,854,0,0,153,1,34,80,61,50923,164,13469,918,4179,30291,68571,2272,764,0,0,0,0,0,0,0,0,0,0,0,16,3711,0,678,502,1585,2,141,104,0,8090,0,74,1,31,16,8,119,222,2933,19157,724,200,1115.0,0,0,0,0,0,0,0,0,0,0,0,0,9,572,99,122,181,0,5,31,292,1,1,3,6,1,1,35,307,1709,1,42,0,46,9,22,55,830120
2016,PIERCE,67791,31871,124670,203120,427452,70900,33268,123706,189165,417038,0,0,0,0,0,0,0,0,0,174,10205,2,6903,12452,3145,53,845,893,0,0,161,0,29,79,83,54129,114,13778,1008,4054,32692,71961,2411,712,0,0,0,0,0,0,0,0,0,0,0,30,3730,1,756,496,1447,1,118,110,0,8117,0,66,0,13,20,8,77,273,2941,19137,745,188,1171.0,0,0,0,0,0,0,0,0,0,0,0,0,4,457,78,91,194,0,2,40,255,3,0,0,8,2,7,68,283,1536,2,42,1,36,7,31,44,844490
2010,SAN JUAN,830,509,1317,5732,8389,833,554,1302,5422,8111,10,5,66,0,12,4,0,105,202,0,0,0,0,0,0,0,0,0,0,0,0,0,0,0,0,0,0,0,0,0,0,0,0,0,6,1,5,8,0,1,92,0,0,3,116,0,0,0,0,0,0,0,0,0,0,0,0,0,0,0,0,0,0,0,0,0,0,0,-99.0,0,0,0,2,3,0,0,14,0,0,8,27,0,0,0,0,0,0,0,0,0,0,0,0,0,0,0,0,0,0,0,0,0,1,0,0,1,16500
2011,SAN JUAN,759,501,1333,5574,8168,726,478,1357,5172,7732,17,4,52,1,14,1,0,111,200,0,0,0,0,0,0,0,0,0,0,0,0,0,0,0,0,0,0,0,0,0,0,0,0,0,7,0,4,10,0,0,87,0,0,8,116,0,0,0,0,0,0,0,0,0,0,0,0,0,0,0,0,0,0,0,0,0,0,0,-99.0,0,0,0,0,3,1,0,11,0,0,8,23,0,0,0,0,0,0,0,0,0,0,0,0,0,0,0,0,0,0,0,0,0,0,0,0,0,15900
2012,SAN JUAN,724,463,1400,5600,8186,681,462,1389,5205,7739,0,0,0,0,0,0,0,0,0,0,51,0,70,63,19,0,1,6,0,0,0,0,0,0,0,294,0,77,0,19,160,390,20,0,1,0,6,3,0,0,66,2,0,7,85,0,0,0,0,0,0,0,0,0,0,0,0,0,0,0,0,0,0,0,0,0,0,0,-99.0,0,0,0,0,0,0,0,4,0,0,0,4,0,0,0,0,0,0,0,0,0,0,0,0,0,0,0,0,0,0,0,0,0,2,0,0,2,15925
2013,SAN JUAN,710,460,1417,5641,8227,658,447,1400,5266,7773,0,0,0,0,0,0,0,0,0,2,65,0,69,32,11,0,0,5,0,0,1,0,0,1,0,266,0,86,2,11,161,363,14,0,0,0,0,0,0,0,0,0,0,0,0,0,28,0,3,1,4,0,0,2,0,110,0,0,0,0,0,1,0,3,10,163,1,0,-99.0,0,0,0,0,0,0,0,0,0,0,0,0,0,4,0,0,4,0,0,0,2,0,0,0,0,0,0,0,2,12,0,0,0,1,1,0,2,16000
2014,SAN JUAN,696,463,1434,5689,8282,645,448,1391,5334,7818,0,0,0,0,0,0,0,0,0,1,49,0,39,26,9,0,0,3,0,0,1,0,0,1,1,205,0,60,0,11,139,276,6,1,0,0,0,0,0,0,0,0,0,0,0,0,12,0,0,0,1,0,0,1,0,55,0,0,0,0,0,0,0,0,2,71,0,0,2.0,0,0,0,0,0,0,0,0,0,0,0,0,0,0,0,1,1,0,0,0,1,0,0,0,0,0,0,0,1,4,0,0,0,0,0,0,0,16100
2015,SAN JUAN,677,457,1439,5750,8322,636,436,1390,5396,7858,0,0,0,0,0,0,0,0,0,1,62,0,53,28,7,0,1,3,0,0,0,0,0,2,1,274,0,74,0,11,191,359,7,3,0,0,0,0,0,0,0,0,0,0,0,0,26,0,3,0,0,0,0,1,0,117,0,0,0,0,0,0,0,0,10,157,0,0,2.0,0,0,0,0,0,0,0,0,0,0,0,0,0,2,1,0,1,0,0,0,4,0,0,0,0,0,0,0,1,9,0,0,0,0,0,0,0,16180
2016,SAN JUAN,679,456,1442,5824,8401,626,428,1391,5474,7919,0,0,0,0,0,0,0,0,0,3,66,0,36,8,13,0,1,8,0,0,0,0,1,1,2,221,0,94,1,16,172,331,18,1,0,0,0,0,0,0,0,0,0,0,0,0,43,0,3,0,1,0,0,0,0,115,0,0,0,1,0,1,0,0,10,179,4,1,1.0,0,0,0,0,0,0,0,0,0,0,0,0,0,3,0,0,1,0,0,0,7,0,0,0,0,0,0,0,0,11,0,0,0,0,0,0,0,16320
2010,SKAGIT,9031,4841,15296,30922,60090,9408,5081,15880,28843,59210,148,30,1144,0,215,50,54,4605,6246,0,0,0,0,0,0,0,0,0,0,0,0,0,0,0,0,0,0,0,0,0,0,0,0,0,87,7,144,330,0,42,2726,27,39,916,4318,0,0,0,0,0,0,0,0,0,0,0,0,0,0,0,0,0,0,0,0,0,0,0,242.9,0,11,3,36,66,0,10,447,5,2,231,811,0,0,0,0,0,0,0,0,0,0,0,0,0,0,0,0,0,0,0,0,0,13,2,1,15,119300
2011,SKAGIT,8901,4667,14808,30787,59162,9101,4832,15522,28784,58238,125,24,1180,4,256,47,64,3750,5450,0,0,0,0,0,0,0,0,0,0,0,0,0,0,0,0,0,0,0,0,0,0,0,0,0,54,2,163,350,10,42,2105,29,49,959,3763,0,0,0,0,0,0,0,0,0,0,0,0,0,0,0,0,0,0,0,0,0,0,0,-99.0,0,7,5,46,95,0,14,341,7,5,223,743,0,0,0,0,0,0,0,0,0,0,0,0,0,0,0,0,0,0,0,0,0,5,6,1,11,117400
2012,SKAGIT,8887,4452,15224,30942,59505,9054,4660,15952,28779,58445,0,0,0,0,0,0,0,0,0,29,1582,0,1257,1796,1173,3,57,79,0,0,9,0,2,7,10,7392,7,2122,47,1345,4203,10859,443,155,32,2,128,266,1,40,1666,28,25,610,2798,0,0,0,0,0,0,0,0,0,0,0,0,0,0,0,0,0,0,0,0,0,0,0,226.0,1,3,0,16,80,0,7,257,2,1,116,482,0,0,0,0,0,0,0,0,0,0,0,0,0,0,0,0,0,0,0,0,2,13,3,2,18,117950
2013,SKAGIT,8913,4436,15292,31192,59833,9067,4604,16033,29061,58767,0,0,0,0,0,0,0,0,0,27,1464,2,1143,1590,961,1,111,66,0,0,16,2,5,6,5,7453,4,1959,64,1131,4515,10543,400,161,0,0,0,0,0,0,0,0,0,0,0,6,698,0,156,92,347,0,30,29,0,1045,0,21,5,4,0,2,1,39,1097,3837,227,38,269.0,0,0,0,0,0,0,0,0,0,0,0,0,4,92,21,27,87,0,0,3,130,0,0,0,0,0,0,1,122,494,1,6,0,7,4,1,11,118600
2014,SKAGIT,8916,4494,15318,31547,60275,9086,4601,16054,29484,59225,0,0,0,0,0,0,0,0,0,20,1334,0,982,1425,958,1,59,100,0,0,17,0,3,4,11,6501,1,1820,36,1112,3978,9433,362,142,0,0,0,0,0,0,0,0,0,0,0,6,620,0,119,88,263,1,17,34,0,911,0,17,0,0,1,2,0,33,1003,3338,200,23,238.0,0,0,0,0,0,0,0,0,0,0,0,0,2,85,15,25,65,0,0,10,141,0,0,0,0,0,0,0,87,438,3,5,0,7,3,3,10,119500
2015,SKAGIT,8897,4531,15294,32037,60758,9039,4632,16027,30163,59862,0,0,0,0,0,0,0,0,0,16,1364,0,964,2030,1165,4,95,65,0,0,20,0,3,6,5,7448,0,1842,50,1388,4289,10678,384,218,0,0,0,0,0,0,0,0,0,0,0,3,693,0,152,107,281,0,19,24,0,994,0,21,0,3,0,4,0,34,1130,3723,223,35,205.0,0,0,0,0,0,0,0,0,0,0,0,0,7,81,19,47,44,0,0,5,114,0,0,0,0,0,0,9,132,462,1,3,0,9,1,2,10,120620
2016,SKAGIT,8973,4597,15253,32745,61568,9119,4684,15971,30928,60702,0,0,0,0,0,0,0,0,0,8,1325,0,858,1653,1527,5,122,59,0,0,16,0,6,3,7,6742,0,1830,55,1764,4041,10336,421,230,0,0,0,0,0,0,0,0,0,0,0,2,679,0,151,92,390,0,23,24,0,1120,0,13,0,3,0,1,0,28,982,3782,251,23,214.0,0,0,0,0,0,0,0,0,0,0,0,0,1,63,10,28,43,0,0,4,97,0,0,3,0,1,0,4,82,343,2,5,1,13,2,4,16,122270
2010,SKAMANIA,807,473,1296,2820,5396,844,505,1318,2836,5504,8,0,45,0,20,2,0,157,232,0,0,0,0,0,0,0,0,0,0,0,0,0,0,0,0,0,0,0,0,0,0,0,0,0,8,0,0,41,0,6,347,2,0,19,423,0,0,0,0,0,0,0,0,0,0,0,0,0,0,0,0,0,0,0,0,0,0,0,22.0,0,0,0,0,4,0,1,24,0,0,0,29,0,0,0,0,0,0,0,0,0,0,0,0,0,0,0,0,0,0,0,0,1,0,0,0,1,10900
2012,SKAMANIA,744,418,1271,3158,5592,764,449,1274,3196,5683,0,0,0,0,0,0,0,0,0,0,111,0,37,52,45,0,2,17,0,0,1,0,0,0,0,176,0,139,0,52,85,367,10,7,12,0,6,32,0,3,164,3,0,8,228,0,0,0,0,0,0,0,0,0,0,0,0,0,0,0,0,0,0,0,0,0,0,0,27.0,1,0,0,0,0,0,2,14,0,0,3,19,0,0,0,0,0,0,0,0,0,0,0,0,0,0,0,0,0,0,0,0,0,1,0,0,1,11275
2013,SKAMANIA,736,421,1263,3189,5606,750,425,1285,3234,5694,0,0,0,0,0,0,0,0,0,0,103,0,27,37,23,0,3,10,0,0,2,0,0,0,0,148,0,133,0,25,81,306,18,2,0,0,0,0,0,0,0,0,0,0,0,0,62,0,3,5,13,0,1,7,0,61,0,2,0,0,0,0,0,0,10,171,5,2,31.0,0,0,0,0,0,0,0,0,0,0,0,0,0,7,0,2,2,0,0,0,2,0,0,0,0,0,0,0,0,13,0,0,0,1,1,0,2,11300
2014,SKAMANIA,739,417,1261,3233,5649,734,426,1291,3271,5721,0,0,0,0,0,0,0,0,0,1,86,0,26,26,19,0,2,5,0,0,1,1,0,0,1,149,0,108,3,26,91,283,15,6,0,0,0,0,0,0,0,0,0,0,0,1,50,0,0,7,18,0,1,2,0,44,0,3,0,1,0,0,0,0,9,141,2,3,25.0,0,0,0,0,0,0,0,0,0,0,0,0,0,4,1,0,0,0,0,1,0,0,0,0,0,0,0,0,3,9,0,0,0,2,1,1,3,11370
2015,SKAMANIA,727,412,1257,3285,5681,706,425,1290,3328,5749,0,0,0,0,0,0,0,0,0,1,57,0,34,17,8,0,6,12,0,0,1,0,0,0,0,163,0,82,0,13,105,258,12,5,0,0,0,0,0,0,0,0,0,0,0,1,39,0,2,4,7,0,0,2,0,40,0,1,0,0,0,0,0,0,14,116,3,3,27.0,0,0,0,0,0,0,0,0,0,0,0,0,0,3,0,0,0,0,0,1,0,0,0,0,0,0,0,0,2,8,0,2,0,2,2,2,4,11430
2016,SKAMANIA,710,408,1251,3329,5698,712,423,1287,3380,5802,0,0,0,0,0,0,0,0,0,0,62,0,21,17,12,0,1,4,0,0,1,0,0,0,0,92,1,80,0,15,53,187,13,2,0,0,0,0,0,0,0,0,0,0,0,1,32,0,0,7,11,0,0,3,0,29,0,1,0,0,0,0,1,0,7,94,0,2,28.8,0,0,0,0,0,0,0,0,0,0,0,0,0,3,1,1,0,0,0,1,0,0,0,0,0,0,0,0,0,6,0,0,0,1,1,1,2,11500
2010,SNOHOMISH,58745,29110,106447,160663,354964,61807,30411,112291,151626,356136,895,121,4298,11,2762,237,447,15352,24123,0,0,0,0,0,0,0,0,0,0,0,0,0,0,0,0,0,0,0,0,0,0,0,0,0,473,20,367,1542,12,69,10070,80,143,2676,15452,0,0,0,0,0,0,0,0,0,0,0,0,0,0,0,0,0,0,0,0,0,0,0,1163.0,0,66,5,102,249,0,18,1448,27,50,664,2629,0,0,0,0,0,0,0,0,0,0,0,0,0,0,0,0,0,0,0,0,4,26,7,10,37,711100
2011,SNOHOMISH,55642,29136,103001,170419,358198,58138,30414,109302,160948,358802,707,109,4023,10,2078,153,327,13752,21159,0,0,0,0,0,0,0,0,0,0,0,0,0,0,0,0,0,0,0,0,0,0,0,0,0,380,19,402,1442,12,76,8647,76,159,2618,13831,0,0,0,0,0,0,0,0,0,0,0,0,0,0,0,0,0,0,0,0,0,0,0,-99.0,0,41,10,83,266,0,16,1075,11,18,635,2155,0,0,0,0,0,0,0,0,0,0,0,0,0,0,0,0,0,0,0,0,1,23,3,11,27,717000
2012,SNOHOMISH,54947,28087,103098,174646,360777,57406,29462,109916,165339,362123,565,84,3392,7,1817,103,341,10329,16638,21,572,1,441,496,464,0,80,40,0,0,5,1,3,12,5,2753,0,691,38,498,1676,3942,58,29,351,25,364,1256,6,84,7513,66,171,2554,12390,0,0,0,0,0,0,0,0,0,0,0,0,0,0,0,0,0,0,0,0,0,0,0,997.0,1,56,14,67,210,0,18,904,11,22,561,1863,0,0,0,0,0,0,0,0,0,0,0,0,0,0,0,0,0,0,0,0,0,52,4,18,56,722900
2013,SNOHOMISH,55139,28032,103737,177474,364381,57704,29347,110661,168406,366119,677,76,4437,6,2778,128,387,13014,21503,14,807,0,552,653,416,3,106,56,0,0,11,1,3,5,6,4001,0,979,53,470,2620,5450,96,48,332,13,405,1017,8,89,7193,49,142,2708,11956,3,488,0,62,47,226,0,19,20,0,626,0,5,1,3,3,3,1,15,371,1994,84,17,1050.0,6,50,0,44,132,0,12,773,9,26,453,1499,1,74,7,14,78,0,0,9,81,1,0,0,0,1,0,2,61,334,0,5,2,34,10,29,46,730500
2014,SNOHOMISH,55729,27917,104646,181403,369695,58193,29298,111660,172154,371305,659,76,4734,10,3096,151,338,14555,23619,15,805,0,511,579,520,1,87,71,0,0,6,0,1,6,5,4630,0,1014,46,570,3391,6214,125,45,316,17,362,1101,7,114,7198,56,123,2685,11979,0,433,0,61,58,323,0,27,25,0,543,0,2,0,1,4,1,0,16,555,2163,94,20,1028.0,0,43,0,59,141,1,11,751,10,30,364,1410,1,89,2,12,50,0,0,9,43,0,0,0,0,0,0,5,74,290,1,4,1,28,7,15,36,741000
2015,SNOHOMISH,56443,28151,106703,186496,377793,58947,29588,113863,177409,379807,601,99,3265,10,2033,127,301,11593,18029,24,1668,0,1102,1362,1007,6,253,112,0,0,22,1,5,16,15,9153,4,2151,111,1128,6295,12432,327,102,261,12,274,939,7,60,5517,39,112,1892,9113,4,866,0,111,82,543,1,37,24,0,896,0,8,0,3,4,1,1,42,993,3863,223,24,969.0,0,29,3,33,93,0,13,594,10,22,276,1073,2,156,9,20,41,0,2,7,83,0,0,2,1,2,0,2,133,469,1,8,0,36,4,22,40,757600
2016,SNOHOMISH,57444,28521,107909,191362,385237,59928,29971,115252,182472,387623,0,0,0,0,0,0,0,0,0,97,6180,1,4208,5977,4788,21,915,461,0,0,84,1,14,33,49,33434,36,8168,395,5363,21820,46965,1395,490,0,0,0,0,0,0,0,0,0,0,0,12,3378,1,471,379,2464,0,149,52,0,4321,0,35,1,12,5,1,14,119,3462,16041,971,194,901.0,0,0,0,0,0,0,0,0,0,0,0,0,1,446,48,96,203,0,2,17,207,1,0,0,2,4,0,21,304,1404,11,41,1,24,9,20,34,772860
2010,SPOKANE,35302,18540,69428,115982,239253,36817,19410,70913,103907,231047,950,59,5022,12,2818,147,526,15960,25494,0,0,0,0,0,0,0,0,0,0,0,0,0,0,0,0,0,0,0,0,0,0,0,0,0,128,3,179,596,5,27,2756,4,30,440,4168,0,0,0,0,0,0,0,0,0,0,0,0,0,0,0,0,0,0,0,0,0,0,0,-99.0,0,63,6,156,292,0,35,1148,9,54,542,2305,0,0,0,0,0,0,0,0,0,0,0,0,0,0,0,0,0,0,0,0,3,20,12,12,35,470300
2011,SPOKANE,34958,17974,70935,115359,239225,36892,18780,72679,105073,233425,927,106,5254,7,2566,128,582,16771,26341,0,0,0,0,0,0,0,0,0,0,0,0,0,0,0,0,0,0,0,0,0,0,0,0,0,125,4,244,579,2,42,2551,5,36,685,4273,0,0,0,0,0,0,0,0,0,0,0,0,0,0,0,0,0,0,0,0,0,0,0,-99.0,0,62,8,83,211,1,43,923,10,31,544,1916,0,0,0,0,0,0,0,0,0,0,0,0,0,0,0,0,0,0,0,0,1,11,1,8,13,472650
2012,SPOKANE,34811,18404,71037,116077,240329,36848,19139,73083,106201,235271,921,100,5962,17,2856,131,639,18489,29115,2,339,0,182,190,95,2,16,13,0,0,0,0,0,0,1,1169,0,392,18,102,759,1663,40,6,692,11,889,1065,10,235,10914,16,255,3514,17601,0,0,0,0,0,0,0,0,0,0,0,0,0,0,0,0,0,0,0,0,0,0,0,870.0,1,55,7,75,197,1,42,952,3,51,511,1894,0,0,0,0,0,0,0,0,0,0,0,0,0,0,0,0,0,0,0,0,0,22,8,11,30,475600
2013,SPOKANE,35184,18410,71676,117210,242482,37291,19120,73594,107514,237518,953,80,5813,16,3154,154,640,19665,30475,1,342,0,171,221,73,0,14,8,0,0,1,0,1,0,1,1116,5,392,13,83,696,1591,40,4,466,15,509,1070,14,131,8500,18,131,2881,13735,0,36,0,7,11,32,0,0,1,0,290,0,0,0,0,0,1,0,6,32,423,5,2,897.0,3,53,3,56,154,2,41,741,0,22,385,1457,0,10,0,8,11,0,0,0,18,0,0,0,0,0,0,3,9,60,0,1,1,40,10,14,51,480000
2014,SPOKANE,35450,18475,72080,118579,244584,37655,19254,73845,109162,239916,884,95,5336,14,3043,190,537,18640,28739,1,369,0,144,220,72,0,5,19,0,0,3,0,0,0,0,1108,10,436,12,89,726,1633,45,7,405,12,413,869,24,103,6859,17,139,2374,11215,0,48,0,11,14,19,0,0,2,0,232,0,1,0,0,0,0,0,0,18,358,7,6,893.0,0,31,12,59,115,0,38,736,0,16,282,1289,0,19,0,4,2,0,0,0,15,0,0,0,0,0,0,0,17,63,2,4,0,30,6,8,36,484500
2015,SPOKANE,35563,18582,72168,119831,246144,37696,19375,73888,111208,242166,884,88,4459,17,2418,208,446,17016,25536,1,355,1,165,219,126,2,15,29,0,0,2,0,0,1,2,1167,0,431,12,134,752,1732,44,6,336,7,434,840,17,112,12307,15,116,2045,16229,0,36,0,6,7,29,0,0,3,0,183,0,1,0,0,0,0,0,2,20,295,7,1,883.0,0,41,3,65,120,0,36,728,1,14,275,1283,0,10,0,3,11,0,0,0,11,1,0,0,0,0,0,0,12,50,0,2,0,32,9,5,41,488310
2016,SPOKANE,35971,18784,72154,121176,248085,37981,19558,73865,113040,244445,704,88,2997,9,1968,166,301,12719,25043,13,3806,0,1650,3111,493,16,229,293,0,0,292,0,7,11,13,13811,4,4904,105,609,8687,19324,495,99,285,6,266,465,9,68,7553,18,57,1085,9812,2,655,0,133,167,294,0,7,12,0,789,0,8,0,3,0,0,4,19,572,2902,201,36,942.0,0,13,3,37,52,1,15,494,0,12,134,761,0,78,18,24,36,0,0,3,55,0,0,0,0,0,0,4,80,305,0,7,1,19,3,9,23,492530
2010,STATE,513224,259458,996676,1606216,3375574,537911,272928,1046340,1500497,3357676,12070,1315,54421,154,25282,2499,5876,166485,268102,0,0,0,0,0,0,0,0,0,0,0,0,0,0,0,0,0,0,0,0,0,0,0,0,0,4668,141,4139,18891,125,1017,146967,511,1506,21453,199418,0,0,0,0,0,0,0,0,0,0,0,0,0,0,0,0,0,0,0,0,0,0,0,-99.0,0,704,93,1283,2874,6,315,15548,101,476,5806,27206,0,0,0,0,0,0,0,0,0,0,0,0,0,0,0,0,0,0,0,0,62,580,122,239,764,6733250
2011,STATE,509924,258598,993340,1634387,3396249,534264,271916,1035496,1529975,3371651,11647,1263,54833,159,24114,2217,5545,159218,258996,0,0,0,0,0,0,0,0,0,0,0,0,0,0,0,0,0,0,0,0,0,0,0,0,0,4630,123,4105,18887,129,980,131782,520,1516,22491,185163,0,0,0,0,0,0,0,0,0,0,0,0,0,0,0,0,0,0,0,0,0,0,0,-99.0,2,568,119,1187,2915,15,259,13372,108,325,5385,24253,0,0,0,0,0,0,0,0,0,0,0,0,0,0,0,0,0,0,0,0,19,287,63,147,369,6767900
2012,STATE,509546,256876,996114,1658452,3420988,533909,269948,1038734,1554191,3396782,2900,360,18311,57,8584,657,1799,49449,82117,776,50446,6,37859,49229,21179,101,3904,3688,2,0,645,9,140,307,181,240756,610,64472,3807,25441,145074,330669,9237,3469,4612,120,4237,10672,116,925,92269,377,1547,22504,137379,0,0,0,0,0,0,0,0,0,0,0,0,0,0,0,0,0,0,0,0,0,0,0,-99.0,32,509,68,791,1972,6,225,10142,69,301,4233,18316,0,0,0,0,0,0,0,0,0,0,0,0,0,0,0,0,0,0,0,0,39,540,131,276,710,6817770
2013,STATE,514055,256561,1002150,1680306,3453072,539045,269069,1045937,1575277,3429328,2215,283,15609,31,8224,526,1394,43944,72226,758,52331,8,38490,51236,17022,115,4131,3604,0,3,674,13,127,295,231,257356,627,67539,4114,21795,158504,346690,10492,3915,938,31,1022,2298,23,239,17896,81,300,6127,28955,96,22451,4,3567,3630,8324,23,756,572,0,58985,0,352,16,98,86,38,398,1291,22992,129774,4816,1279,-99.0,52,110,5,117,317,2,57,1801,10,52,913,3384,46,2994,690,918,1639,2,8,183,3226,24,0,7,24,8,6,259,3449,13754,39,232,41,510,121,226,672,6882400
2014,STATE,519015,257731,1014956,1704051,3495753,544409,270029,1059735,1598244,3472417,2090,298,14747,36,8552,570,1283,44091,71667,839,56137,4,39755,49845,18321,133,4143,4101,4,6,838,12,135,307,269,278057,807,73175,4327,23220,179011,374452,11639,3819,762,30,817,2023,34,224,15042,81,300,5530,24843,125,23080,4,3479,3529,8632,11,789,680,0,56208,0,365,5,98,85,38,467,1223,23995,129073,5036,1224,-99.0,0,78,17,126,270,1,50,1590,12,56,751,2951,47,2981,629,714,1543,3,17,158,3053,15,3,10,16,20,10,273,3245,12997,53,207,14,463,109,206,586,6968170
2015,STATE,522733,259703,1027062,1729999,3539497,547916,272393,1072677,1628927,3521913,1912,301,10958,44,6420,531,1013,35869,57048,924,59124,10,39686,53618,19387,197,4480,4326,2,23,855,6,164,295,290,285775,762,77796,4392,24852,182468,388423,13003,4411,597,19,708,1779,24,172,17824,54,228,3937,25342,112,24192,4,3603,3662,9245,14,704,691,2,56515,10,368,5,120,74,46,400,1309,24355,132644,5904,1309,-99.0,0,70,6,98,213,0,49,1322,11,36,551,2356,48,3015,604,794,1249,2,9,142,3034,21,1,11,28,11,3,284,3061,12628,65,246,3,449,113,180,565,7061410
2016,STATE,531005,262725,1047543,1758718,3599991,556324,275725,1094263,1657397,3583709,1196,185,6030,18,4411,347,610,19637,40313,954,66864,8,42553,62660,24633,251,5751,5251,1,18,1218,8,177,351,438,329534,773,88329,4987,30814,212370,448677,14442,4969,285,6,266,465,9,68,7553,18,57,1085,9812,130,26708,8,4405,4165,11949,8,866,790,0,59446,0,420,6,93,93,48,537,1383,26050,145253,6662,1486,-99.0,0,13,3,37,52,1,15,494,0,12,134,761,28,3031,463,735,1428,1,10,179,2666,24,1,15,31,29,9,312,2892,12148,54,240,7,451,109,180,567,7183700
2010,STEVENS,3436,2139,4630,11936,22140,3542,2288,4569,11759,22160,27,1,405,0,105,20,8,633,1199,0,0,0,0,0,0,0,0,0,0,0,0,0,0,0,0,0,0,0,0,0,0,0,0,0,35,0,54,142,0,13,808,12,12,139,1215,0,0,0,0,0,0,0,0,0,0,0,0,0,0,0,0,0,0,0,0,0,0,0,-99.0,0,1,0,7,18,0,2,68,0,0,19,115,0,0,0,0,0,0,0,0,0,0,0,0,0,0,0,0,0,0,0,0,0,3,1,2,4,44300
2011,STEVENS,3054,1991,4248,12480,21772,3252,2062,4331,12184,21828,23,0,262,2,66,7,5,534,899,0,0,0,0,0,0,0,0,0,0,0,0,0,0,0,0,0,0,0,0,0,0,0,0,0,32,0,29,101,3,17,779,9,5,144,1119,0,0,0,0,0,0,0,0,0,0,0,0,0,0,0,0,0,0,0,0,0,0,0,-99.0,0,1,0,4,16,0,2,29,1,0,16,69,0,0,0,0,0,0,0,0,0,0,0,0,0,0,0,0,0,0,0,0,0,2,0,1,2,43600
2012,STEVENS,2937,1839,4518,12579,21871,3103,1974,4562,12189,21829,0,0,0,0,0,0,0,0,0,1,443,0,304,247,100,0,8,35,0,0,8,0,0,0,2,1225,0,612,1,125,664,1962,126,23,12,0,27,14,1,7,278,1,0,76,416,0,0,0,0,0,0,0,0,0,0,0,0,0,0,0,0,0,0,0,0,0,0,0,33.0,0,1,0,8,4,0,1,17,0,0,3,34,0,0,0,0,0,0,0,0,0,0,0,0,0,0,0,0,0,0,0,0,0,2,0,0,2,43700
2013,STEVENS,2874,1797,4587,12654,21913,3090,1878,4682,12237,21887,0,0,0,0,0,0,0,0,0,2,428,0,277,172,58,0,8,44,0,0,4,0,2,0,2,1043,0,606,6,71,578,1720,128,11,0,0,0,0,0,0,0,0,0,0,0,1,190,0,18,15,16,0,3,3,0,219,0,1,0,2,0,0,0,5,107,611,21,10,41.0,0,0,0,0,0,0,0,0,0,0,0,0,0,10,1,0,6,0,0,0,12,0,0,0,0,0,0,0,9,38,0,0,0,3,0,3,3,43800
2014,STEVENS,2827,1755,4673,12748,22003,3008,1846,4749,12294,21897,0,0,0,0,0,0,0,0,0,1,408,0,297,251,59,0,5,46,0,0,8,0,1,0,1,1178,0,612,0,75,624,1865,149,15,0,0,0,0,0,0,0,0,0,0,0,0,144,0,15,13,19,0,1,2,0,170,0,6,0,1,0,0,0,0,85,484,23,5,41.0,0,0,0,0,0,0,0,0,0,0,0,0,0,7,2,1,1,0,0,0,2,0,0,0,0,0,0,0,4,17,0,0,0,2,0,1,2,43900
2015,STEVENS,2801,1713,4721,12808,22042,2981,1810,4806,12391,21988,0,0,0,0,0,0,0,0,0,0,438,0,311,219,62,0,7,50,0,0,3,0,4,0,1,1105,0,647,7,76,561,1828,152,13,0,0,0,0,0,0,0,0,0,0,0,0,140,0,14,10,10,0,0,3,0,86,0,1,0,0,0,0,0,3,70,359,18,4,42.2,0,0,0,0,0,0,0,0,0,0,0,0,0,5,0,3,5,0,0,0,3,0,0,0,0,0,0,0,5,21,0,0,0,5,1,0,6,44030
2016,STEVENS,2796,1679,4761,12853,22089,2955,1777,4858,12421,22011,0,0,0,0,0,0,0,0,0,2,358,0,295,212,52,0,11,32,0,0,5,0,1,0,3,1002,0,502,3,75,479,1579,106,20,0,0,0,0,0,0,0,0,0,0,0,0,64,0,20,6,2,0,0,0,0,83,0,2,0,0,0,0,0,1,55,257,20,4,49.98,0,0,0,0,0,0,0,0,0,0,0,0,0,4,1,1,0,0,0,0,2,0,0,0,0,0,0,0,1,9,0,0,0,3,1,0,4,44100
2010,THURSTON,18236,9990,36028,64177,128430,19057,10818,36115,57979,123970,455,41,2052,4,428,86,86,5649,8801,0,0,0,0,0,0,0,0,0,0,0,0,0,0,0,0,0,0,0,0,0,0,0,0,0,248,6,176,509,6,40,3425,16,42,793,5261,0,0,0,0,0,0,0,0,0,0,0,0,0,0,0,0,0,0,0,0,0,0,0,410.0,0,33,2,44,120,0,13,831,2,7,205,1257,0,0,0,0,0,0,0,0,0,0,0,0,0,0,0,0,0,0,0,0,3,47,16,29,66,252400
2011,THURSTON,18227,9717,36944,65362,130251,19374,10540,36206,57730,123849,402,31,1858,4,363,66,83,4763,7570,0,0,0,0,0,0,0,0,0,0,0,0,0,0,0,0,0,0,0,0,0,0,0,0,0,250,3,142,698,1,30,3513,14,38,761,5450,0,0,0,0,0,0,0,0,0,0,0,0,0,0,0,0,0,0,0,0,0,0,0,-99.0,0,30,3,52,143,1,5,696,1,10,180,1121,0,0,0,0,0,0,0,0,0,0,0,0,0,0,0,0,0,0,0,0,0,14,2,19,16,254100
2012,THURSTON,18069,9639,37442,66423,131574,19305,10358,36798,58764,125226,146,5,883,9,222,59,60,3293,4677,22,759,0,1227,643,334,4,84,98,0,0,27,0,1,7,6,4716,0,1115,27,374,2709,6205,223,34,173,4,118,477,5,12,2794,12,38,954,4587,0,0,0,0,0,0,0,0,0,0,0,0,0,0,0,0,0,0,0,0,0,0,0,410.0,1,20,3,34,88,0,9,670,1,4,129,958,0,0,0,0,0,0,0,0,0,0,0,0,0,0,0,0,0,0,0,0,0,30,9,39,39,256800
2013,THURSTON,18265,9616,37798,67602,133282,19528,10330,37142,59816,126818,0,0,0,0,0,0,0,0,0,12,860,0,1145,632,182,2,65,83,0,0,21,0,5,17,7,4049,0,1220,33,219,2160,5488,234,30,0,0,0,0,0,0,0,0,0,0,0,2,642,0,126,78,192,0,18,12,0,1372,0,15,0,3,6,0,0,26,363,3027,152,20,442.0,0,0,0,0,0,0,0,0,0,0,0,0,1,86,14,17,41,0,0,4,67,0,0,0,0,2,0,2,38,275,0,3,0,25,6,24,31,260100
2014,THURSTON,18426,9694,38086,69082,135289,19817,10371,37381,61142,128711,0,0,0,0,0,0,0,0,0,31,2140,0,1878,1917,714,5,228,199,1,0,82,1,3,23,16,10978,14,3035,116,855,6803,14868,587,110,0,0,0,0,0,0,0,0,0,0,0,6,1049,0,197,181,330,0,44,16,0,3020,0,27,1,3,6,1,12,45,1062,6271,232,39,414.0,0,0,0,0,0,0,0,0,0,0,0,0,1,159,33,27,103,0,2,6,153,2,0,3,1,0,0,5,107,606,1,3,0,24,5,22,29,264000
2015,THURSTON,18570,9756,38139,70446,136912,19915,10451,37452,62680,130498,0,0,0,0,0,0,0,0,0,38,2232,0,1765,2053,709,7,314,217,0,0,73,0,3,10,15,11879,2,3225,118,837,7584,15941,690,111,0,0,0,0,0,0,0,0,0,0,0,8,1137,0,164,166,384,3,52,37,0,2608,0,21,0,2,4,2,0,48,1130,6075,280,29,426.0,0,0,0,0,0,0,0,0,0,0,0,0,4,151,28,26,43,1,1,3,117,1,0,0,1,0,0,4,77,469,4,8,0,25,4,21,29,267410
2016,THURSTON,18921,9954,38429,72279,139583,20250,10675,37705,64476,133107,0,0,0,0,0,0,0,0,0,20,2216,0,1604,2138,824,5,462,176,0,0,63,0,6,11,21,12170,1,3221,109,975,7832,16366,749,129,0,0,0,0,0,0,0,0,0,0,0,4,1093,2,198,156,416,0,65,26,0,2304,0,18,0,3,6,3,0,47,1140,5779,266,32,466.0,0,0,0,0,0,0,0,0,0,0,0,0,0,117,6,25,53,0,0,3,95,2,0,0,0,0,0,1,70,380,3,5,0,16,2,11,18,272690
2010,WAHKIAKUM,242,169,373,1284,2069,269,169,386,1256,2081,1,0,10,0,3,1,0,18,33,0,0,0,0,0,0,0,0,0,0,0,0,0,0,0,0,0,0,0,0,0,0,0,0,0,2,0,0,0,0,1,12,0,0,3,18,0,0,0,0,0,0,0,0,0,0,0,0,0,0,0,0,0,0,0,0,0,0,0,7.65,0,0,0,0,0,0,1,2,1,0,0,4,0,0,0,0,0,0,0,0,0,0,0,0,0,0,0,0,0,0,0,0,0,0,0,0,0,4150
2011,WAHKIAKUM,224,129,305,1332,1990,215,155,330,1308,2010,6,1,3,0,0,0,0,9,19,0,0,0,0,0,0,0,0,0,0,0,0,0,0,0,0,0,0,0,0,0,0,0,0,0,2,0,0,0,0,0,3,0,0,0,5,0,0,0,0,0,0,0,0,0,0,0,0,0,0,0,0,0,0,0,0,0,0,0,-99.0,0,0,0,0,0,0,0,0,0,0,0,0,0,0,0,0,0,0,0,0,0,0,0,0,0,0,0,0,0,0,0,0,0,1,0,0,1,4000
2012,WAHKIAKUM,219,135,304,1349,2007,208,139,353,1318,2018,0,0,0,0,0,0,0,0,0,0,21,0,7,3,7,0,0,2,0,0,0,0,0,1,0,24,0,29,0,8,14,61,5,1,0,0,0,0,0,0,0,0,0,0,0,0,0,0,0,0,0,0,0,0,0,0,0,0,0,0,0,0,0,0,0,0,0,0,9.0,0,0,0,0,0,0,0,0,0,0,0,0,0,0,0,0,0,0,0,0,0,0,0,0,0,0,0,0,0,0,0,0,0,2,0,0,2,4025
2013,WAHKIAKUM,224,136,302,1353,2012,203,129,359,1317,2008,0,0,0,0,0,0,0,0,0,0,25,0,9,7,12,0,0,5,0,0,0,0,0,1,0,35,0,31,0,12,19,78,0,0,0,0,0,0,0,0,0,0,0,0,0,0,0,0,0,0,0,0,0,0,0,0,0,0,0,0,0,0,0,0,0,0,0,0,10.0,0,0,0,0,0,0,0,0,0,0,0,0,0,0,0,0,0,0,0,0,0,0,0,0,0,0,0,0,0,0,0,0,0,1,0,0,1,4020
2014,WAHKIAKUM,221,131,303,1350,2005,198,134,363,1309,2005,0,0,0,0,0,0,0,0,0,0,36,0,15,10,7,0,1,0,0,0,1,0,0,0,1,53,0,47,0,12,27,112,10,4,0,0,0,0,0,0,0,0,0,0,0,0,0,0,0,0,0,0,0,0,0,3,0,0,0,0,0,0,0,0,0,3,0,0,7.0,0,0,0,0,0,0,0,0,0,0,0,0,0,0,0,0,0,0,0,0,1,0,0,0,0,0,0,0,0,1,0,0,0,1,0,0,1,4010
2015,WAHKIAKUM,210,126,305,1347,1988,191,129,370,1302,1992,0,0,0,0,0,0,0,0,0,0,43,0,23,16,5,0,3,2,0,0,0,0,0,0,0,81,0,55,0,6,39,142,10,1,0,0,0,0,0,0,0,0,0,0,0,0,18,0,3,3,3,0,0,0,0,17,0,0,0,0,0,0,0,0,6,56,5,1,10.0,0,0,0,0,0,0,0,0,0,0,0,0,0,8,3,0,0,0,0,0,0,0,0,0,0,0,0,0,4,15,0,0,0,0,0,1,0,3980
2016,WAHKIAKUM,212,123,310,1362,2007,188,127,374,1303,1993,0,0,0,0,0,0,0,0,0,0,55,0,14,15,2,0,0,2,0,0,0,0,0,2,0,68,0,67,0,2,39,137,8,0,0,0,0,0,0,0,0,0,0,0,0,0,27,0,4,1,1,0,1,0,0,42,0,0,0,0,0,0,0,0,3,84,5,0,9.0,0,0,0,0,0,0,0,0,0,0,0,0,0,0,0,0,0,0,0,1,1,0,0,0,0,0,0,0,0,2,0,0,0,1,1,0,2,4000
2010,WALLA WALLA,4174,2253,8325,14514,29266,4474,2341,10230,13287,30334,94,6,375,1,79,31,26,1369,1981,0,0,0,0,0,0,0,0,0,0,0,0,0,0,0,0,0,0,0,0,0,0,0,0,0,32,0,21,105,1,9,844,6,7,217,1242,0,0,0,0,0,0,0,0,0,0,0,0,0,0,0,0,0,0,0,0,0,0,0,58.0,0,7,0,10,28,0,10,332,0,5,78,470,0,0,0,0,0,0,0,0,0,0,0,0,0,0,0,0,0,0,0,0,0,11,2,0,13,59600
2011,WALLA WALLA,4232,2229,8325,14169,28954,4336,2290,9893,13326,29846,109,15,362,3,65,33,23,1509,2119,0,0,0,0,0,0,0,0,0,0,0,0,0,0,0,0,0,0,0,0,0,0,0,0,0,49,0,22,149,2,7,826,6,10,243,1314,0,0,0,0,0,0,0,0,0,0,0,0,0,0,0,0,0,0,0,0,0,0,0,-99.0,0,1,0,12,57,0,6,291,2,1,74,444,0,0,0,0,0,0,0,0,0,0,0,0,0,0,0,0,0,0,0,0,0,2,1,4,3,58800
2012,WALLA WALLA,4141,2312,8397,14231,29081,4330,2260,10112,13317,30019,0,0,0,0,0,0,0,0,0,4,206,0,176,174,123,2,4,15,0,0,2,0,1,1,2,953,0,262,4,139,589,1354,37,14,35,0,34,137,1,7,735,2,6,216,1173,0,0,0,0,0,0,0,0,0,0,0,0,0,0,0,0,0,0,0,0,0,0,0,117.0,0,7,0,10,28,0,2,262,1,1,67,378,0,0,0,0,0,0,0,0,0,0,0,0,0,0,0,0,0,0,0,0,0,6,3,4,9,59100
2013,WALLA WALLA,4167,2381,8301,14534,29382,4379,2305,9929,13505,30118,0,0,0,0,0,0,0,0,0,15,531,0,409,821,255,0,24,33,0,0,19,0,0,3,3,3179,0,696,16,288,1894,4163,110,30,0,0,0,0,0,0,0,0,0,0,0,0,201,0,35,35,109,0,0,1,0,452,0,0,0,0,0,0,0,5,295,1180,37,10,88.0,0,0,0,0,0,0,0,0,0,0,0,0,0,37,8,12,28,0,0,1,25,0,0,0,0,0,0,0,93,208,0,4,0,15,1,3,16,59500
2014,WALLA WALLA,4200,2374,8392,14753,29719,4387,2311,10070,13663,30431,0,0,0,0,0,0,0,0,0,23,591,0,408,801,288,5,43,40,0,0,12,0,2,4,8,3199,0,738,14,337,1905,4274,89,41,0,0,0,0,0,0,0,0,0,0,0,1,211,0,55,43,151,0,11,4,0,427,0,0,0,2,0,2,0,4,367,1318,23,17,71.0,0,0,0,0,0,0,0,0,0,0,0,0,0,55,13,15,26,0,0,1,22,0,0,1,0,0,0,0,57,194,0,4,0,10,1,1,11,60150
2015,WALLA WALLA,4192,2379,8452,14919,29943,4385,2332,10150,13840,30707,0,0,0,0,0,0,0,0,0,30,577,0,377,730,225,3,35,61,0,0,12,0,4,9,8,3183,1,804,24,272,1984,4259,141,38,0,0,0,0,0,0,0,0,0,0,0,1,211,0,31,31,106,0,3,11,0,299,0,2,0,1,0,0,0,13,263,1053,76,5,70.0,0,0,0,0,0,0,0,0,0,0,0,0,1,30,12,17,12,0,0,3,16,0,0,0,0,0,0,2,45,141,0,3,0,12,2,1,14,60650
2016,WALLA WALLA,4218,2429,8167,15265,30080,4410,2360,9773,14107,30650,0,0,0,0,0,0,0,0,0,20,560,0,355,796,251,6,60,54,0,0,20,0,2,5,12,3221,0,856,21,310,1963,4387,215,47,0,0,0,0,0,0,0,0,0,0,0,0,188,0,36,44,116,0,0,5,0,362,0,6,0,1,0,0,0,11,210,1070,68,23,72.0,0,0,0,0,0,0,0,0,0,0,0,0,1,20,3,8,16,0,0,1,20,0,0,0,0,0,0,0,30,100,0,1,0,9,2,5,11,60730
2010,WHATCOM,13814,7153,32162,45772,98900,14285,7399,32131,42785,96600,344,11,1426,5,266,90,104,4973,7219,0,0,0,0,0,0,0,0,0,0,0,0,0,0,0,0,0,0,0,0,0,0,0,0,0,185,5,193,698,3,32,4444,20,47,953,6580,0,0,0,0,0,0,0,0,0,0,0,0,0,0,0,0,0,0,0,0,0,0,0,434.0,0,28,1,25,108,0,13,696,2,7,217,1097,0,0,0,0,0,0,0,0,0,0,0,0,0,0,0,0,0,0,0,0,1,11,1,6,13,195500
2011,WHATCOM,13268,7162,32788,48750,101969,14070,7393,33433,45236,100131,275,25,1436,3,229,97,74,4708,6847,0,0,0,0,0,0,0,0,0,0,0,0,0,0,0,0,0,0,0,0,0,0,0,0,0,179,2,152,801,2,22,4523,24,33,905,6643,0,0,0,0,0,0,0,0,0,0,0,0,0,0,0,0,0,0,0,0,0,0,0,-99.0,0,17,5,36,100,0,10,642,1,10,171,992,0,0,0,0,0,0,0,0,0,0,0,0,0,0,0,0,0,0,0,0,1,8,3,3,12,202100
2012,WHATCOM,13192,7592,32704,49120,102608,14055,7627,33491,45719,100892,282,11,411,1,67,38,7,648,1465,13,1345,0,869,2110,863,1,183,108,0,0,34,0,4,9,2,8440,16,1752,56,963,5208,11155,252,82,296,5,136,532,2,21,2918,21,20,814,4765,0,0,0,0,0,0,0,0,0,0,0,0,0,0,0,0,0,0,0,0,0,0,0,486.0,0,19,1,22,79,0,5,443,4,5,156,734,0,0,0,0,0,0,0,0,0,0,0,0,0,0,0,0,0,0,0,0,1,11,3,4,15,203500
2013,WHATCOM,13251,7639,32887,49881,103658,14211,7641,33737,46553,102142,115,10,417,0,85,30,12,828,1497,11,1227,0,862,1925,658,1,240,117,0,0,41,0,2,7,7,8478,32,1656,55,769,5384,10903,262,72,96,3,41,126,0,10,1179,7,9,88,1559,1,459,0,117,144,266,0,20,7,0,1519,0,13,0,3,2,0,2,36,1219,3982,156,18,415.0,2,1,1,5,6,0,4,197,1,0,4,219,0,54,20,53,68,0,0,7,99,0,0,0,0,0,1,3,204,517,1,7,2,20,3,1,25,205800
2014,WHATCOM,13331,7648,32937,50639,104555,14262,7674,33765,47344,103045,0,0,0,0,0,0,0,0,0,22,1718,0,1410,2335,843,2,320,160,0,0,46,1,2,9,12,11195,30,2415,86,1019,7020,14629,479,134,0,0,0,0,0,0,0,0,0,0,0,2,782,0,203,167,419,0,32,42,0,1685,0,24,0,1,5,3,6,47,1329,5028,222,59,408.0,0,0,0,0,0,0,0,0,0,0,0,0,1,62,16,31,78,0,1,3,117,0,0,0,1,1,0,6,208,532,0,7,0,8,5,0,13,207600
2015,WHATCOM,13416,7650,32967,51508,105541,14284,7716,33741,48507,104249,0,0,0,0,0,0,0,0,0,16,1751,0,1147,2161,755,4,219,160,0,0,37,1,6,18,22,10165,13,2390,63,882,6555,13437,417,92,0,0,0,0,0,0,0,0,0,0,0,2,773,0,166,149,397,0,27,27,0,1498,0,15,0,6,6,1,0,39,1106,4449,207,30,358.0,0,0,0,0,0,0,0,0,0,0,0,0,0,75,21,26,53,0,0,3,99,2,0,0,0,1,0,6,135,427,2,4,0,9,4,2,13,209790
2016,WHATCOM,13620,7558,32767,52877,106822,14520,7660,33579,49959,105718,0,0,0,0,0,0,0,0,0,32,1793,1,1388,2259,822,3,205,200,0,0,53,0,4,22,24,10902,9,2470,69,976,6945,14348,398,121,0,0,0,0,0,0,0,0,0,0,0,6,786,1,199,163,444,0,17,39,0,1379,0,21,2,1,3,4,3,34,1199,4537,196,40,320.0,0,0,0,0,0,0,0,0,0,0,0,0,0,44,14,8,37,0,0,3,91,0,0,0,2,1,0,7,107,315,0,1,0,17,2,4,19,212540
2010,WHITMAN,2254,1186,10618,7430,21489,2424,1178,11403,7105,22111,31,3,264,1,35,17,12,605,968,0,0,0,0,0,0,0,0,0,0,0,0,0,0,0,0,0,0,0,0,0,0,0,0,0,3,0,41,224,0,7,1720,2,7,55,2059,0,0,0,0,0,0,0,0,0,0,0,0,0,0,0,0,0,0,0,0,0,0,0,74.25,0,0,1,10,7,0,1,50,1,0,14,84,0,0,0,0,0,0,0,0,0,0,0,0,0,0,0,0,0,0,0,0,0,1,0,0,1,43600
2011,WHITMAN,2138,1047,11484,7310,21979,2347,1145,12444,6885,22821,36,9,154,0,23,10,3,562,797,0,0,0,0,0,0,0,0,0,0,0,0,0,0,0,0,0,0,0,0,0,0,0,0,0,7,5,32,256,0,5,1338,1,1,54,1699,0,0,0,0,0,0,0,0,0,0,0,0,0,0,0,0,0,0,0,0,0,0,0,-99.0,0,1,0,5,11,0,0,44,0,0,19,80,0,0,0,0,0,0,0,0,0,0,0,0,0,0,0,0,0,0,0,0,0,3,0,0,3,44800
2012,WHITMAN,1995,1796,12340,6537,22671,2142,1665,13358,6115,23279,0,0,0,0,0,0,0,0,0,7,321,0,172,462,535,0,10,39,0,0,0,0,1,0,0,1505,1,361,6,583,848,2449,0,47,1,0,25,159,2,5,952,2,0,53,1199,0,0,0,0,0,0,0,0,0,0,0,0,0,0,0,0,0,0,0,0,0,0,0,37.0,0,0,0,0,9,0,3,25,0,0,7,44,0,0,0,0,0,0,0,0,0,0,0,0,0,0,0,0,0,0,0,0,0,2,0,0,2,45950
2013,WHITMAN,2105,1643,12257,6659,22665,2264,1527,13324,6220,23335,0,0,0,0,0,0,0,0,0,0,320,0,161,348,303,0,15,25,0,0,2,0,0,5,0,1225,0,352,4,328,697,1905,0,25,0,0,0,0,0,0,0,0,0,0,0,0,125,0,26,24,91,0,1,3,0,750,0,2,0,1,3,0,0,7,92,1132,0,7,38.0,0,0,0,0,0,0,0,0,0,0,0,0,0,15,2,5,6,0,0,2,9,1,0,0,0,0,0,0,9,50,0,1,0,2,1,0,3,46000
2014,WHITMAN,2169,1775,12273,6670,22887,2322,1641,13394,6255,23613,0,0,0,0,0,0,0,0,0,6,389,0,189,369,337,3,13,26,0,0,0,0,0,1,3,1360,0,416,3,373,777,2149,0,33,0,0,0,0,0,0,0,0,0,0,0,0,166,0,30,46,85,0,6,8,0,809,0,0,0,0,0,0,0,0,104,1258,0,4,41.0,0,0,0,0,0,0,0,0,0,0,0,0,1,11,11,0,9,0,0,1,19,0,0,0,0,1,0,0,24,80,0,3,0,0,0,1,0,46500
2015,WHITMAN,2198,1802,12571,6619,23190,2348,1661,13794,6256,24060,0,0,0,0,0,0,0,0,0,4,395,1,173,312,221,0,5,26,0,0,0,1,1,0,5,1086,0,423,6,262,585,1771,0,36,0,0,0,0,0,0,0,0,0,0,0,1,153,0,21,38,129,0,0,7,0,887,0,0,1,1,0,1,0,1,74,1325,0,11,36.0,0,0,0,0,0,0,0,0,0,0,0,0,0,14,5,2,5,0,0,1,20,0,0,0,2,0,0,0,8,60,0,3,0,0,0,0,0,47250
2016,WHITMAN,2247,1756,13192,6672,23867,2400,1624,13687,6362,24073,0,0,0,0,0,0,0,0,0,2,360,0,123,227,156,6,13,50,0,0,1,0,0,1,5,784,2,412,9,189,404,1385,0,26,0,0,0,0,0,0,0,0,0,0,0,0,179,0,29,29,82,0,2,13,0,713,0,3,0,0,1,0,1,3,108,1174,0,11,33.0,0,0,0,0,0,0,0,0,0,0,0,0,0,12,4,2,5,0,0,6,15,0,0,0,0,0,0,0,9,53,0,0,0,1,1,0,2,47940
2010,YAKIMA,23139,10891,33585,52100,119716,24102,11545,35831,47907,119384,465,82,3354,24,1218,108,233,6560,12044,0,0,0,0,0,0,0,0,0,0,0,0,0,0,0,0,0,0,0,0,0,0,0,0,0,246,14,205,629,24,75,5489,47,68,1206,8003,0,0,0,0,0,0,0,0,0,0,0,0,0,0,0,0,0,0,0,0,0,0,0,1178.0,0,46,14,102,157,1,23,921,13,31,436,1744,0,0,0,0,0,0,0,0,0,0,0,0,0,0,0,0,0,0,0,0,8,33,5,8,46,239100
2011,YAKIMA,24379,11666,34776,51459,122280,25416,12310,36203,48489,122420,449,80,3351,16,1264,107,236,5801,11304,0,0,0,0,0,0,0,0,0,0,0,0,0,0,0,0,0,0,0,0,0,0,0,0,0,272,3,194,701,21,72,5981,65,98,1292,8699,0,0,0,0,0,0,0,0,0,0,0,0,0,0,0,0,0,0,0,0,0,0,0,-99.0,0,31,6,89,116,1,21,632,6,16,288,1206,0,0,0,0,0,0,0,0,0,0,0,0,0,0,0,0,0,0,0,0,4,15,3,8,22,244700
2012,YAKIMA,24854,10961,35205,52180,123199,26480,12010,35575,48736,122801,0,0,0,0,0,0,0,0,0,21,2677,1,2129,2706,1298,0,72,220,0,0,23,0,12,15,4,12171,11,3650,191,1572,7051,17393,703,259,136,5,139,380,16,35,4432,23,49,818,6033,0,0,0,0,0,0,0,0,0,0,0,0,0,0,0,0,0,0,0,0,0,0,0,633.0,0,19,5,46,119,0,15,562,3,3,165,937,0,0,0,0,0,0,0,0,0,0,0,0,0,0,0,0,0,0,0,0,3,24,13,14,40,246000
2013,YAKIMA,25160,10884,34972,53154,124171,27070,12003,34944,49063,123079,0,0,0,0,0,0,0,0,0,37,3174,1,2238,3409,947,0,47,256,0,0,24,1,16,16,5,12880,92,4401,190,1319,6958,18600,914,275,0,0,0,0,0,0,0,0,0,0,0,6,1512,1,145,338,498,0,31,57,0,3327,0,36,0,20,0,1,79,62,1036,7807,567,91,719.0,2,0,0,0,0,0,0,0,0,0,0,0,1,186,62,92,109,0,1,12,330,1,0,2,0,0,0,15,123,947,3,10,4,30,5,14,39,247250
2014,YAKIMA,25349,11016,34722,53941,125028,27403,12037,34667,49665,123772,0,0,0,0,0,0,0,0,0,53,3146,0,2102,2863,742,0,68,289,1,0,43,0,7,16,6,12261,5,4368,152,1014,7023,17643,867,260,0,0,0,0,0,0,0,0,0,0,0,4,1503,1,134,351,372,0,44,64,0,3010,0,25,0,12,0,0,3,50,1296,7461,511,81,792.0,0,0,0,0,0,0,0,0,0,0,0,0,7,176,37,76,114,0,2,9,257,5,0,1,0,0,0,10,208,930,6,22,2,27,7,11,36,248800
2015,YAKIMA,25573,10945,34165,55056,125738,28008,12162,33581,50480,124232,0,0,0,0,0,0,0,0,0,48,3530,0,2277,2842,754,9,72,296,0,0,66,0,21,13,17,12943,7,5166,193,1069,7502,19178,1240,291,0,0,0,0,0,0,0,0,0,0,0,10,1775,2,150,347,391,0,42,62,0,3351,0,35,1,15,1,2,6,68,1477,8610,782,93,777.0,0,0,0,0,0,0,0,0,0,0,0,0,0,200,37,80,112,0,0,6,267,2,0,2,0,0,0,9,249,991,7,20,1,30,9,12,40,249970
2016,YAKIMA,25991,10803,33404,56251,126449,28958,12300,32163,51030,124451,0,0,0,0,0,0,0,0,0,50,3686,0,2051,3098,785,8,88,321,0,0,56,1,20,11,28,13439,5,5132,188,1142,7956,19713,1037,324,0,0,0,0,0,0,0,0,0,0,0,7,1885,2,178,415,430,0,77,65,0,2627,0,39,0,18,0,2,2,65,1355,7901,659,75,840.0,0,0,0,0,0,0,0,0,0,0,0,0,1,218,19,85,98,0,0,12,206,1,0,2,0,1,1,9,218,889,5,13,2,31,8,12,41,250900
