,Year,County,Females (Age 0-11),Females (Age 12-17),Females (Age 18-39),Females (Age >40),Total Female,Males (Age 0-11),Males (Age 12-17),Males (Age 18-39),Males (Age >40),Total Male,SRS_AG_ASSLT,SRS_ARSON,SRS_BURGLARY,SRS_MURDER,SRS_MVT,SRS_RAPE,SRS_ROBBERY,SRS_THEFT,SRS_TOTAL,NIB_ARSON,NIB_ASSAULT,NIB_BRIBERY,NIB_BURGLARY,NIB_DESTPROP,NIB_DRUGVIOL,NIB_EXTORTION,NIB_FORGERY,NIB_FSEX,NIB_GAMBVIOL,NIB_HTRFFCKNG,NIB_KIDNAP,NIB_MNSLGHTR,NIB_MURDER,NIB_NFSEX,NIB_PORN,NIB_PROPTOT,NIB_PROST,NIB_PRSNTOT,NIB_ROBBERY,NIB_SCTYTOT,NIB_THEFT,NIB_TOTAL,NIB_VIOLNCO,NIB_WEAPVIOL,ARR_AG_ASSLT,ARR_ARSON,ARR_BURGLARY,ARR_DRUG_CR,ARR_MURDER,ARR_MVT,ARR_OTHCRIME,ARR_RAPE,ARR_ROBBERY,ARR_THEFT,ARR_TOTAL,ARN_ARSON,ARN_ASSAULT,ARN_BRIBERY,ARN_BURGLARY,ARN_DESTPROP,ARN_DRUGVIOL,ARN_EXTORTION,ARN_FORGERY,ARN_FSEX,ARN_GAMBVIOL,ARN_GROUP_B,ARN_HTRFFCKNG,ARN_KIDNAP,ARN_MNSLGHTR,ARN_MURDER,ARN_NFSEX,ARN_PORN,ARN_PROST,ARN_ROBBERY,ARN_THEFT,ARN_TOTAL,ARN_VIOLNCO,ARN_WEAPVIOL,JST_UNKNOWN,JRR_AG_ASSLT,JRR_ARSON,JRR_BURGLARY,JRR_DRUG_CR,JRR_MURDER,JRR_MVT,JRR_OTHFELCRIME,JRR_RAPE,JRR_ROBBERY,JRR_THEFT,JRR_TOTAL,JRN_ARSON,JRN_ASSAULT,JRN_BURGLARY,JRN_DESTPROP,JRN_DRUGVIOL,JRN_EXTORTION,JRN_FORGERY,JRN_FSEX,JRN_GROUP_B,JRN_KIDNAP,JRN_MNSLGHTR,JRN_MURDER,JRN_NFSEX,JRN_PORN,JRN_PROST,JRN_ROBBERY,JRN_THEFT,JRN_TOTAL,JRN_VIOLNCO,JRN_WEAPVIOL,JAD_DOC_ADM,JAD_NEW_ADM,JAD_READM,JAD_PAROLE_R,JAD_TOTAL,Total Population
22,2012,ADAMS,2490,967,2740,3278,9475,2541,1073,2882,3079,9575,0,0,0,0,0,0,0,0,0,10,252,0,182,516,90,0,12,19,0,0,3,0,0,1,0,1417,1,346,8,152,689,1915,71,61,9,0,12,19,0,6,176,3,0,36,261,0,0,0,0,0,0,0,0,0,0,0,0,0,0,0,0,0,0,0,0,0,0,0,1,0,0,9,26,0,5,69,0,2,12,123,0,0,0,0,0,0,0,0,0,0,0,0,0,0,0,0,0,0,0,0,1,4,1,0,6,19050
23,2013,ADAMS,2412,1050,2747,3230,9439,2544,1083,2930,3201,9761,0,0,0,0,0,0,0,0,0,7,281,0,199,551,67,1,25,26,0,0,6,0,3,2,0,1472,2,376,8,123,681,1971,58,54,0,0,0,0,0,0,0,0,0,0,0,0,145,0,8,14,13,1,0,4,0,114,0,5,0,1,0,0,0,3,41,376,22,5,0,0,0,0,0,0,0,0,0,0,0,0,2,30,5,21,33,0,0,3,29,0,0,0,0,0,0,3,31,159,0,2,0,2,0,0,2,19200
24,2014,ADAMS,2468,1066,2755,3228,9518,2606,1121,2932,3222,9882,0,0,0,0,0,0,0,0,0,10,314,0,190,523,88,1,28,19,0,0,3,0,1,1,1,1402,0,434,8,124,642,1960,96,35,0,0,0,0,0,0,0,0,0,0,0,6,127,0,26,15,32,0,3,4,0,154,0,3,0,1,0,0,0,0,72,488,36,9,0,0,0,0,0,0,0,0,0,0,0,0,0,34,7,3,47,0,0,0,17,0,0,0,0,0,0,2,50,162,0,2,0,3,1,0,4,19400
25,2015,ADAMS,2552,1128,2748,3097,9525,2681,1195,2901,3108,9885,0,0,0,0,0,0,0,0,0,8,256,0,189,326,93,0,17,26,0,0,6,0,0,3,0,1128,0,352,11,127,577,1607,61,34,0,0,0,0,0,0,0,0,0,0,0,2,119,0,23,18,43,0,1,8,0,191,0,6,0,0,0,0,0,8,68,511,17,7,0,0,0,0,0,0,0,0,0,0,0,0,0,28,7,6,33,0,0,1,40,0,0,0,0,0,0,1,45,163,1,1,0,5,1,0,6,19410
26,2016,ADAMS,2645,1192,2751,3008,9596,2731,1267,2896,3020,9914,0,0,0,0,0,0,0,0,0,1,280,0,144,255,116,0,6,18,0,0,2,0,1,2,1,876,1,373,8,149,462,1398,70,31,0,0,0,0,0,0,0,0,0,0,0,0,146,0,10,23,72,0,1,6,0,218,0,4,0,1,1,0,2,3,67,584,19,11,0,0,0,0,0,0,0,0,0,0,0,0,0,21,16,3,27,0,0,1,25,0,0,0,0,0,0,1,28,127,0,5,0,2,0,0,2,19510
49,2012,ASOTIN,1526,705,2610,6316,11157,1494,726,2460,5863,10543,0,0,0,0,0,0,0,0,0,1,264,0,91,213,152,0,7,8,0,0,0,1,0,1,0,974,0,286,6,177,656,1437,12,25,5,0,6,39,0,3,928,0,1,91,1073,0,0,0,0,0,0,0,0,0,0,0,0,0,0,0,0,0,0,0,0,0,0,0,1,3,0,0,5,0,0,49,0,0,22,79,0,0,0,0,0,0,0,0,0,0,0,0,0,0,0,0,0,0,0,0,0,4,2,3,6,21700
50,2013,ASOTIN,1560,699,2614,6311,11185,1526,716,2456,5915,10615,0,0,0,0,0,0,0,0,0,1,267,0,130,261,97,0,6,5,0,0,5,0,0,1,1,1082,0,278,12,131,672,1491,0,33,0,0,0,0,0,0,0,0,0,0,0,0,119,0,18,28,28,0,0,1,0,1327,0,1,0,0,1,0,0,8,134,1682,0,17,2,0,0,0,0,0,0,0,0,0,0,0,1,14,5,6,20,0,0,0,35,0,0,0,0,0,0,0,41,124,0,2,0,7,3,2,10,21800
51,2014,ASOTIN,1573,700,2585,6353,11212,1537,721,2423,6057,10738,0,0,0,0,0,0,0,0,0,4,262,1,134,246,65,0,9,10,0,0,0,0,1,0,0,958,1,273,5,78,559,1309,0,12,0,0,0,0,0,0,0,0,0,0,0,0,94,1,12,15,22,0,1,0,0,1094,0,0,0,1,0,0,1,0,55,1303,0,7,0,0,0,0,0,0,0,0,0,0,0,0,0,4,0,0,1,0,0,1,18,0,0,0,0,0,0,1,3,29,0,1,0,2,3,1,5,21950
52,2015,ASOTIN,1576,714,2565,6377,11233,1538,725,2408,6106,10777,0,0,0,0,0,0,0,0,0,4,273,0,86,276,55,0,4,14,0,0,1,0,2,0,2,1081,0,290,11,71,700,1442,0,14,0,0,0,0,0,0,0,0,0,0,0,0,125,0,16,24,12,0,0,1,0,1059,0,0,0,2,0,1,0,2,174,1418,0,2,0,0,0,0,0,0,0,0,0,0,0,0,2,22,0,16,21,0,0,1,31,0,0,0,0,0,0,3,45,151,0,10,0,5,1,1,6,22010
53,2016,ASOTIN,1567,728,2527,6463,11285,1541,729,2375,6219,10865,0,0,0,0,0,0,0,0,0,2,284,0,114,252,39,0,7,16,0,0,1,0,1,4,1,1081,0,306,2,52,704,1439,0,12,0,0,0,0,0,0,0,0,0,0,0,0,117,0,16,31,16,0,1,1,0,1119,0,1,0,2,0,0,0,3,162,1474,0,5,0,0,0,0,0,0,0,0,0,0,0,0,1,9,4,4,9,0,0,1,29,0,0,0,0,0,0,0,15,72,0,0,0,10,1,0,11,22150
76,2012,BENTON,15434,7697,25210,41728,90068,16206,8246,25920,39562,89932,0,0,0,0,0,0,0,0,0,34,2006,0,851,2055,1529,2,112,207,0,0,33,3,1,10,18,7507,3,2742,56,1744,4397,11993,482,194,106,3,56,436,0,10,2657,4,29,432,3733,0,0,0,0,0,0,0,0,0,0,0,0,0,0,0,0,0,0,0,0,0,0,0,4,25,0,58,170,0,1,568,1,7,276,1106,0,0,0,0,0,0,0,0,0,0,0,0,0,0,0,0,0,0,0,0,2,30,4,19,36,180000
77,2013,BENTON,15698,7789,25615,42622,91722,16440,8354,26371,40513,91678,0,0,0,0,0,0,0,0,0,27,2108,2,839,1870,871,4,127,179,0,0,26,2,7,11,16,7320,6,2765,60,1075,4391,11160,432,182,0,0,0,0,0,0,0,0,0,0,0,0,942,0,97,164,359,2,38,16,0,2223,0,17,3,8,13,3,3,21,986,5188,224,69,3,0,0,0,0,0,0,0,0,0,0,0,4,200,34,73,202,1,0,13,257,0,0,0,6,1,0,5,317,1136,4,19,3,30,7,8,40,183400
78,2014,BENTON,15889,7866,25902,43565,93222,16608,8436,26712,41521,93278,0,0,0,0,0,0,0,0,0,27,1970,0,906,1585,844,2,100,192,0,0,31,0,8,7,23,7125,11,2760,59,1079,4446,10964,552,201,0,0,0,0,0,0,0,0,0,0,0,2,980,1,117,171,322,0,27,18,0,2119,0,16,0,2,7,2,9,22,1063,5240,290,72,0,0,0,0,0,0,0,0,0,0,0,0,6,221,64,67,201,0,1,6,259,2,1,1,4,4,0,7,294,1169,12,19,0,19,5,12,24,186500
79,2015,BENTON,15952,7950,25961,44291,94155,16636,8510,26791,42498,94435,0,0,0,0,0,0,0,0,0,38,1995,0,750,1621,855,9,111,201,0,2,49,0,3,6,26,6872,13,2815,37,1051,4306,10738,559,157,0,0,0,0,0,0,0,0,0,0,0,2,874,0,114,125,349,2,17,22,0,1808,0,22,0,3,8,3,3,17,997,4721,306,49,0,0,0,0,0,0,0,0,0,0,0,0,6,211,69,69,135,0,1,9,225,4,0,0,6,3,0,6,283,1068,19,22,0,20,5,5,25,188590
80,2016,BENTON,16053,8049,25922,44930,94953,16781,8586,26794,43386,95547,0,0,0,0,0,0,0,0,0,45,1850,0,702,1687,877,6,129,187,1,2,34,1,3,15,26,7162,13,2623,54,1085,4539,10870,531,168,0,0,0,0,0,0,0,0,0,0,0,3,845,0,88,162,310,3,25,30,0,1543,0,17,0,2,15,3,3,23,930,4368,314,52,0,0,0,0,0,0,0,0,0,0,0,0,0,183,41,74,183,1,0,19,226,0,0,0,6,5,0,9,235,1016,12,22,0,19,6,4,25,190500
103,2012,CHELAN,5675,2960,9178,18899,36712,6072,3043,9615,17758,36488,0,0,0,0,0,0,0,0,0,0,269,0,179,201,104,0,10,10,0,0,3,0,1,1,0,872,0,355,6,122,476,1349,71,18,41,0,36,135,1,7,946,4,8,222,1400,0,0,0,0,0,0,0,0,0,0,0,0,0,0,0,0,0,0,0,0,0,0,0,0,1,0,3,20,0,6,103,0,1,65,199,0,0,0,0,0,0,0,0,0,0,0,0,0,0,0,0,0,0,0,0,1,10,4,1,15,73200
104,2013,CHELAN,5648,2917,9238,19074,36877,6102,3035,9638,17947,36723,0,0,0,0,0,0,0,0,0,9,625,0,297,415,276,1,75,46,0,0,1,0,1,4,2,2408,1,894,14,336,1597,3638,217,57,0,0,0,0,0,0,0,0,0,0,0,2,431,0,36,114,167,0,13,11,0,705,0,2,0,0,1,1,0,9,419,2068,135,22,0,0,0,0,0,0,0,0,0,0,0,0,1,42,7,12,41,0,1,5,39,1,0,0,0,0,0,1,101,260,1,8,0,9,2,1,11,73600
105,2014,CHELAN,5649,2910,9235,19459,37253,6133,3029,9618,18267,37047,0,0,0,0,0,0,0,0,0,5,557,1,350,244,368,2,43,46,0,0,5,0,0,4,2,2014,1,800,16,419,1353,3233,188,48,0,0,0,0,0,0,0,0,0,0,0,4,399,1,52,73,202,1,11,5,0,619,0,8,0,1,0,0,0,8,381,1902,115,22,0,0,0,0,0,0,0,0,0,0,0,0,0,35,7,17,35,0,0,3,50,0,0,0,0,0,0,1,82,235,0,5,0,9,0,0,9,74300
106,2015,CHELAN,5658,2908,9206,19825,37597,6149,3048,9563,18673,37433,0,0,0,0,0,0,0,0,0,6,638,1,372,291,389,1,60,42,0,0,1,0,0,3,1,2289,0,889,8,438,1550,3616,205,48,0,0,0,0,0,0,0,0,0,0,0,2,464,0,50,87,191,0,12,12,0,696,0,2,0,0,2,0,0,3,371,2054,145,17,0,0,0,0,0,0,0,0,0,0,0,0,3,42,20,26,43,0,0,3,50,0,0,0,0,0,0,0,89,276,0,0,0,9,3,0,12,75030
107,2016,CHELAN,5686,2918,9141,20280,38025,6208,3087,9463,19127,37885,0,0,0,0,0,0,0,0,0,7,645,0,364,267,426,1,39,39,0,1,19,1,0,8,4,2338,9,913,15,505,1645,3756,200,66,0,0,0,0,0,0,0,0,0,0,0,2,430,0,63,66,238,0,6,15,0,728,0,17,0,0,0,0,9,8,326,2061,132,21,0,0,0,0,0,0,0,0,0,0,0,0,0,60,7,11,41,0,0,3,41,0,1,0,1,0,0,3,62,235,0,5,0,12,3,2,15,75910
130,2012,CLALLAM,3984,2149,7345,22807,36284,4258,2299,8610,20548,35716,0,0,0,0,0,0,0,0,0,7,915,1,642,788,373,3,126,80,0,0,23,1,5,13,4,3552,2,1241,25,444,1960,5237,204,65,51,0,39,111,3,8,764,3,8,258,1245,0,0,0,0,0,0,0,0,0,0,0,0,0,0,0,0,0,0,0,0,0,0,0,0,5,0,7,23,1,3,126,0,0,53,218,0,0,0,0,0,0,0,0,0,0,0,0,0,0,0,0,0,0,0,0,0,17,1,6,18,72000
131,2013,CLALLAM,3980,2142,7367,22971,36459,4282,2271,8668,20672,35891,0,0,0,0,0,0,0,0,0,6,870,0,575,721,319,2,87,66,0,0,22,0,1,8,8,3431,1,1245,24,405,2016,5081,278,77,0,0,0,0,0,0,0,0,0,0,0,3,434,0,80,81,164,0,22,5,0,394,0,6,0,0,2,1,0,12,518,1916,160,34,0,0,0,0,0,0,0,0,0,0,0,0,0,55,13,21,42,0,1,1,48,0,0,0,2,0,0,0,56,249,3,7,0,5,4,5,9,72350
132,2014,CLALLAM,4001,2113,7388,23001,36503,4257,2286,8715,20739,35997,0,0,0,0,0,0,0,0,0,11,880,0,521,602,319,0,89,52,0,0,13,0,3,6,4,3102,0,1195,27,376,1852,4673,241,53,0,0,0,0,0,0,0,0,0,0,0,0,448,0,78,77,204,0,11,8,0,379,0,5,0,6,1,0,0,14,437,1835,147,20,0,0,0,0,0,0,0,0,0,0,0,0,1,44,7,16,22,0,1,1,52,0,0,0,1,0,0,1,44,190,0,0,0,4,0,5,4,72500
133,2015,CLALLAM,3957,2102,7369,23075,36503,4286,2280,8701,20880,36147,0,0,0,0,0,0,0,0,0,10,886,0,532,669,240,1,93,73,0,0,15,0,0,7,9,3392,0,1227,17,304,2070,4923,246,55,0,0,0,0,0,0,0,0,0,0,0,1,451,0,67,89,147,0,10,7,0,336,0,4,0,1,2,1,0,9,445,1745,146,29,0,0,0,0,0,0,0,0,0,0,0,0,0,43,3,13,12,0,0,1,31,0,0,0,1,1,0,0,36,143,0,2,0,3,0,1,3,72650
134,2016,CLALLAM,4017,2108,7328,23415,36868,4330,2289,8703,21220,36542,0,0,0,0,0,0,0,0,0,11,881,0,445,564,257,1,92,78,0,0,21,0,3,6,14,2820,0,1206,11,333,1696,4359,217,62,0,0,0,0,0,0,0,0,0,0,0,4,436,0,51,88,168,0,5,5,0,441,0,11,0,1,2,1,0,3,374,1729,119,20,0,0,0,0,0,0,0,0,0,0,0,0,2,54,6,9,9,0,0,3,46,0,0,0,0,0,0,0,30,165,3,3,0,5,4,1,9,73410
157,2012,CLARK,34825,18783,60608,104115,218333,36526,19853,59873,96665,212917,0,0,0,0,0,0,0,0,0,100,4200,0,2462,2594,1276,3,504,265,0,0,38,0,7,15,14,15708,16,5130,231,1449,9814,22287,605,143,179,12,344,682,8,65,9010,24,132,1673,12129,0,0,0,0,0,0,0,0,0,0,0,0,0,0,0,0,0,0,0,0,0,0,0,1,50,13,63,80,0,9,1035,7,28,239,1524,0,0,0,0,0,0,0,0,0,0,0,0,0,0,0,0,0,0,0,0,5,28,9,22,42,431250
158,2013,CLARK,34734,18736,60964,106006,220438,36416,19828,60254,98565,215062,0,0,0,0,0,0,0,0,0,78,3762,0,2129,2219,938,5,302,211,0,0,24,1,3,21,11,13902,3,4589,197,1091,8972,19582,567,139,0,0,0,0,0,0,0,0,0,0,0,12,1457,0,234,248,545,1,56,26,0,7242,0,12,1,1,3,1,0,111,1364,11689,326,49,2,0,0,0,0,0,0,0,0,0,0,0,2,216,38,62,71,0,2,2,312,0,0,0,1,0,0,13,171,908,3,15,6,32,6,19,44,435500
159,2013,GARFIELD,142,82,199,718,1143,122,98,223,662,1107,0,0,0,0,0,0,0,0,0,0,54,0,7,15,17,0,1,2,0,0,0,0,0,0,0,72,0,67,0,25,49,164,11,8,0,0,0,0,0,0,0,0,0,0,0,0,12,0,0,0,7,0,0,0,0,153,0,0,0,0,0,1,0,0,5,184,3,3,0,0,0,0,0,0,0,0,0,0,0,0,0,1,0,0,0,0,0,0,5,0,0,0,0,0,0,0,3,9,0,0,0,0,0,0,0,2250
160,2014,CLARK,34836,18708,61690,108938,224171,36746,19759,60937,101187,218629,0,0,0,0,0,0,0,0,0,96,3768,0,1806,2227,943,4,172,235,0,0,40,1,7,10,17,12745,3,4588,208,1088,8232,18421,527,125,0,0,0,0,0,0,0,0,0,0,0,9,1500,0,230,255,513,0,37,27,0,5874,0,22,1,5,3,3,0,89,1274,10196,310,44,0,0,0,0,0,0,0,0,0,0,0,0,8,216,43,65,80,0,0,6,205,0,0,0,0,0,0,14,120,772,1,14,2,39,8,19,49,442800
161,2015,CLARK,34994,18798,62557,112332,228682,36861,19869,61826,104583,223138,0,0,0,0,0,0,0,0,0,120,3662,1,1878,2550,1010,5,243,294,0,0,91,0,6,9,4,15074,7,4612,189,1192,10088,20878,550,171,0,0,0,0,0,0,0,0,0,0,0,15,1370,2,295,195,519,1,20,28,0,5831,2,27,0,2,1,1,4,86,1346,10101,291,65,0,0,0,0,0,0,0,0,0,0,0,0,2,244,45,61,59,0,0,5,291,1,0,1,0,0,0,19,145,883,3,7,0,28,12,13,40,451820
162,2016,CLARK,35270,18969,63217,115729,233184,37271,20035,62568,107952,227826,0,0,0,0,0,0,0,0,0,82,3594,0,1739,2753,1006,0,327,330,0,0,102,1,7,6,0,14697,6,4648,196,1172,9600,20517,608,160,0,0,0,0,0,0,0,0,0,0,0,5,1144,0,204,171,506,0,39,19,0,5264,0,23,1,4,3,0,0,57,897,8632,242,53,0,0,0,0,0,0,0,0,0,0,0,0,3,194,29,35,41,0,1,3,237,5,0,1,0,0,0,25,108,692,0,10,0,42,10,11,52,461010
185,2012,COLUMBIA,251,148,374,1281,2056,248,143,385,1268,2044,0,0,0,0,0,0,0,0,0,0,33,0,47,54,1,0,0,4,0,0,1,0,1,0,0,221,0,39,0,2,120,262,0,1,2,0,4,0,1,1,8,0,0,3,19,0,0,0,0,0,0,0,0,0,0,0,0,0,0,0,0,0,0,0,0,0,0,0,0,1,0,2,2,0,0,1,0,0,0,6,0,0,0,0,0,0,0,0,0,0,0,0,0,0,0,0,0,0,0,0,0,0,0,0,0,4100
186,2013,COLUMBIA,246,139,376,1287,2049,249,138,386,1280,2051,0,0,0,0,0,0,0,0,0,1,39,0,51,31,0,0,0,2,0,0,0,0,0,0,0,249,0,46,0,0,166,295,5,0,0,0,0,0,0,0,0,0,0,0,0,0,3,0,1,0,0,0,0,0,0,7,0,0,0,0,0,0,0,0,4,16,1,0,0,0,0,0,0,0,0,0,0,0,0,0,0,4,0,1,0,0,0,1,4,0,0,0,0,0,0,0,0,10,0,0,0,2,0,0,2,4100
187,2014,COLUMBIA,245,136,381,1280,2043,240,144,392,1261,2037,0,0,0,0,0,0,0,0,0,0,0,0,38,0,0,0,0,0,0,0,0,0,0,0,0,127,0,0,0,0,89,127,0,0,0,0,0,0,0,0,0,0,0,0,0,0,0,0,0,0,0,0,0,0,0,0,0,0,0,0,0,0,0,0,0,0,0,0,0,0,0,0,0,0,0,0,0,0,0,0,0,0,0,0,0,0,0,0,0,0,0,0,0,0,0,0,0,0,0,0,0,2,0,0,2,4080
188,2015,COLUMBIA,255,128,372,1296,2052,237,143,383,1276,2038,0,0,0,0,0,0,0,0,0,1,2,0,28,0,1,0,0,0,0,0,0,0,0,0,0,80,0,2,0,1,51,83,0,0,0,0,0,0,0,0,0,0,0,0,0,0,0,0,0,0,0,0,0,0,0,0,0,0,0,0,0,0,0,0,0,0,0,0,0,0,0,0,0,0,0,0,0,0,0,0,0,0,0,0,0,0,0,0,0,0,0,0,0,0,0,0,0,0,0,0,0,0,0,0,0,4090
189,2016,COLUMBIA,252,125,356,1294,2027,232,143,370,1278,2023,0,0,0,0,0,0,0,0,0,1,16,0,20,46,3,0,0,5,0,0,0,0,0,0,0,183,0,25,0,3,116,211,4,0,0,0,0,0,0,0,0,0,0,0,0,0,1,0,0,0,0,0,0,0,0,6,0,0,0,0,0,0,0,0,0,7,0,0,0,0,0,0,0,0,0,0,0,0,0,0,0,0,0,0,0,0,0,0,0,0,0,0,0,0,0,0,0,0,0,0,0,1,0,0,1,4050
212,2012,COWLITZ,7850,4017,13314,27009,52192,7914,4257,13197,25491,50858,0,0,0,0,0,0,0,0,0,51,1512,0,853,1152,739,3,106,114,0,0,13,0,4,4,8,5611,4,1905,66,851,3380,8367,258,100,105,5,98,333,1,26,1852,21,40,631,3112,0,0,0,0,0,0,0,0,0,0,0,0,0,0,0,0,0,0,0,0,0,0,0,1,5,2,23,53,1,1,345,7,3,109,549,0,0,0,0,0,0,0,0,0,0,0,0,0,0,0,0,0,0,0,0,0,18,0,5,18,103050
213,2013,COWLITZ,7783,4021,13381,27158,52342,7861,4196,13295,25606,50958,0,0,0,0,0,0,0,0,0,21,1507,1,898,1355,711,5,105,119,0,0,15,0,1,3,10,6059,5,1927,61,890,3613,8876,282,164,0,0,0,0,0,0,0,0,0,0,0,4,845,0,175,135,458,3,30,40,0,1386,0,20,0,2,0,2,3,43,1004,4379,177,52,3,0,0,0,0,0,0,0,0,0,0,0,0,173,15,54,59,1,0,11,98,0,0,1,1,0,0,4,113,538,2,6,0,16,5,7,21,103300
214,2014,COWLITZ,7711,4041,13382,27426,52561,7807,4170,13268,25894,51139,0,0,0,0,0,0,0,0,0,22,1334,0,811,1004,751,3,63,93,0,0,11,0,0,0,5,5350,4,1702,34,862,3413,7914,264,102,0,0,0,0,0,0,0,0,0,0,0,2,775,0,129,122,515,1,16,23,0,1426,0,16,0,1,0,4,4,22,1149,4414,176,33,0,0,0,0,0,0,0,0,0,0,0,0,4,156,26,21,64,0,0,6,94,0,0,0,0,0,0,1,147,528,2,7,1,19,5,8,25,103700
215,2015,COWLITZ,7654,4066,13360,27725,52804,7766,4160,13229,26322,51476,0,0,0,0,0,0,0,0,0,29,1329,0,647,944,719,1,91,102,0,0,21,0,2,4,17,4841,2,1773,54,843,3075,7457,315,105,0,0,0,0,0,0,0,0,0,0,0,2,750,0,103,106,541,0,23,26,0,2132,0,24,0,4,0,5,1,26,966,4928,195,24,0,0,0,0,0,0,0,0,0,0,0,0,3,118,10,23,49,0,0,10,113,0,0,0,0,0,0,4,121,459,0,8,0,7,10,11,17,104280
216,2016,COWLITZ,7670,4090,13288,27999,53047,7806,4154,13160,26683,51803,0,0,0,0,0,0,0,0,0,33,1299,0,719,889,799,3,84,101,0,0,16,0,2,0,8,5005,21,1670,58,941,3219,7616,252,113,0,0,0,0,0,0,0,0,0,0,0,1,723,0,116,113,619,0,17,25,0,2398,0,15,0,0,1,3,13,43,979,5278,160,52,0,0,0,0,0,0,0,0,0,0,0,0,4,115,17,19,51,0,0,6,109,2,0,0,0,0,0,1,109,437,0,4,0,10,3,5,13,104850
240,2012,DOUGLAS,3306,1705,5179,9280,19470,3393,1810,5347,8879,19430,0,0,0,0,0,0,0,0,0,4,231,0,245,181,241,0,24,25,0,0,0,0,1,9,0,1147,0,346,7,257,686,1750,80,16,11,1,12,42,2,2,459,0,1,53,583,0,0,0,0,0,0,0,0,0,0,0,0,0,0,0,0,0,0,0,0,0,0,0,0,0,0,7,26,0,3,83,0,0,40,159,0,0,0,0,0,0,0,0,0,0,0,0,0,0,0,0,0,0,0,0,1,6,0,4,7,38900
241,2013,DOUGLAS,3304,1684,5247,9425,19659,3405,1795,5419,9000,19621,0,0,0,0,0,0,0,0,0,0,246,0,197,194,115,0,29,21,0,0,1,0,0,9,2,1205,0,360,8,145,777,1710,83,28,0,0,0,0,0,0,0,0,0,0,0,0,124,0,18,22,44,0,9,2,0,321,0,1,0,0,1,1,0,2,97,684,32,10,0,0,0,0,0,0,0,0,0,0,0,0,0,20,5,5,22,0,0,1,20,0,0,0,1,0,0,0,48,125,0,3,2,4,0,0,6,39280
242,2014,DOUGLAS,3307,1687,5278,9558,19830,3426,1831,5459,9155,19870,0,0,0,0,0,0,0,0,0,6,221,0,169,160,108,0,26,14,0,0,0,1,0,3,0,1133,0,339,6,125,766,1597,100,17,0,0,0,0,0,0,0,0,0,0,0,0,118,0,17,25,52,0,2,2,0,306,0,0,1,0,2,0,0,3,106,689,50,5,0,0,0,0,0,0,0,0,0,0,0,0,0,23,0,6,25,0,0,1,9,0,0,0,0,0,0,0,23,87,0,0,0,0,2,0,2,39700
243,2015,DOUGLAS,3281,1692,5276,9705,19955,3416,1823,5478,9318,20035,0,0,0,0,0,0,0,0,0,5,282,0,173,256,150,0,20,12,0,0,3,0,1,7,1,1194,0,407,4,192,736,1793,102,41,0,0,0,0,0,0,0,0,0,0,0,2,127,0,14,32,72,0,6,2,0,319,0,2,0,1,2,0,0,2,113,750,44,12,0,0,0,0,0,0,0,0,0,0,0,0,0,20,4,11,27,0,0,0,18,0,0,0,2,1,0,0,25,110,0,2,0,1,1,0,2,39990
244,2016,DOUGLAS,3327,1710,5318,9926,20281,3492,1843,5540,9564,20439,0,0,0,0,0,0,0,0,0,3,243,0,140,228,183,0,22,22,0,0,3,0,1,6,0,1191,1,380,2,224,796,1795,105,40,0,0,0,0,0,0,0,0,0,0,0,0,119,0,23,20,84,0,5,6,0,393,0,3,0,0,0,0,0,1,167,891,56,14,0,0,0,0,0,0,0,0,0,0,0,0,0,19,6,5,34,0,0,0,18,0,0,1,0,0,0,0,30,113,0,0,0,2,0,2,2,40720
261,2012,GARFIELD,143,81,200,724,1150,121,97,226,656,1100,0,0,0,0,0,0,0,0,0,1,21,0,16,17,23,0,0,4,0,0,0,0,0,0,1,76,1,37,0,32,42,145,12,7,1,1,1,5,0,1,89,0,0,2,100,0,0,0,0,0,0,0,0,0,0,0,0,0,0,0,0,0,0,0,0,0,0,0,0,0,0,0,1,0,0,3,0,0,0,4,0,0,0,0,0,0,0,0,0,0,0,0,0,0,0,0,0,0,0,0,0,0,0,0,0,2250
268,2012,FERRY,429,256,733,2259,3678,490,273,913,2298,3972,0,0,0,0,0,0,0,0,0,1,47,0,14,7,7,0,0,4,0,0,0,0,1,0,0,58,0,55,0,8,36,121,3,1,11,0,5,7,0,1,45,1,0,1,71,0,0,0,0,0,0,0,0,0,0,0,0,0,0,0,0,0,0,0,0,0,0,0,0,0,0,0,0,0,0,0,0,0,1,1,0,0,0,0,0,0,0,0,0,0,0,0,0,0,0,0,0,0,0,0,0,0,0,0,0,7650
269,2013,FERRY,432,248,737,2269,3684,485,270,913,2297,3966,0,0,0,0,0,0,0,0,0,0,43,0,28,4,2,0,1,6,0,0,0,0,0,0,0,68,0,57,5,3,30,128,8,1,0,0,0,0,0,0,0,0,0,0,0,0,16,0,6,0,0,0,0,4,0,36,0,0,0,0,0,0,0,0,6,69,0,1,0,0,0,0,0,0,0,0,0,0,0,0,0,0,1,0,0,0,0,0,0,0,0,0,0,0,0,0,0,1,0,0,0,0,1,0,1,7650
270,2014,FERRY,409,255,742,2284,3690,485,269,909,2307,3970,0,0,0,0,0,0,0,0,0,1,68,0,17,3,27,0,1,4,0,0,0,0,0,2,0,51,0,83,0,28,29,162,9,1,0,0,0,0,0,0,0,0,0,0,0,0,35,0,2,2,28,0,0,2,0,24,0,0,0,0,0,0,0,0,4,102,5,0,0,0,0,0,0,0,0,0,0,0,0,0,0,2,0,0,0,0,0,0,1,0,0,0,0,0,0,0,0,3,0,0,0,2,0,0,2,7660
271,2015,FERRY,400,251,737,2304,3692,493,274,902,2350,4018,0,0,0,0,0,0,0,0,0,0,51,0,15,6,4,0,2,2,0,0,0,0,0,0,0,44,0,59,2,5,19,108,6,1,0,0,0,0,0,0,0,0,0,0,0,0,26,0,5,1,3,0,1,1,0,31,0,0,0,0,0,0,0,1,2,76,4,1,0,0,0,0,0,0,0,0,0,0,0,0,0,0,1,0,0,0,0,0,3,0,0,0,0,0,0,0,0,4,0,0,0,2,0,0,2,7710
272,2016,FERRY,403,247,737,2299,3686,481,275,900,2358,4014,0,0,0,0,0,0,0,0,0,1,11,0,5,0,0,0,0,4,0,0,0,0,0,0,0,10,0,15,0,0,4,25,0,0,0,0,0,0,0,0,0,0,0,0,0,0,5,0,0,0,0,0,0,1,0,1,0,0,0,0,0,0,0,0,0,7,0,0,0,0,0,0,0,0,0,0,0,0,0,0,0,0,0,0,0,0,0,0,0,0,0,0,0,0,0,0,0,0,0,0,0,0,0,0,0,7700
295,2012,FRANKLIN,9511,4081,13065,13261,39919,9930,4299,14410,13945,42581,0,0,0,0,0,0,0,0,0,11,892,0,520,800,546,2,56,132,0,0,30,0,1,3,5,3245,9,1308,46,666,1810,5219,250,106,74,0,50,166,1,4,1281,4,18,123,1721,0,0,0,0,0,0,0,0,0,0,0,0,0,0,0,0,0,0,0,0,0,0,0,0,11,0,29,64,0,10,236,0,4,35,389,0,0,0,0,0,0,0,0,0,0,0,0,0,0,0,0,0,0,0,0,0,6,3,2,9,82500
296,2013,FRANKLIN,9691,4227,13367,13823,41110,10074,4491,14658,14467,43690,0,0,0,0,0,0,0,0,0,23,941,0,446,809,326,7,51,115,0,0,34,1,2,1,4,3131,4,1332,31,416,1764,4879,238,82,0,0,0,0,0,0,0,0,0,0,0,2,517,0,32,99,184,2,17,11,0,1043,0,20,0,0,5,0,0,12,344,2452,142,22,1,0,0,0,0,0,0,0,0,0,0,0,1,84,26,28,61,0,0,5,83,4,0,0,3,1,0,0,55,361,6,4,1,7,2,3,10,84800
297,2014,FRANKLIN,9831,4378,13498,14349,42057,10302,4507,14752,14983,44543,0,0,0,0,0,0,0,0,0,23,918,1,352,672,399,2,37,109,1,0,29,0,5,5,4,2735,5,1287,33,487,1615,4509,221,78,0,0,0,0,0,0,0,0,0,0,0,6,506,0,48,81,255,1,18,13,0,999,0,19,0,4,6,0,4,15,291,2427,139,22,0,0,0,0,0,0,0,0,0,0,0,0,0,69,11,21,68,0,2,3,72,0,0,0,1,0,0,6,91,356,4,8,0,2,2,0,4,86600
298,2015,FRANKLIN,9743,4458,13422,14686,42309,10195,4564,14689,15394,44841,0,0,0,0,0,0,0,0,0,37,909,0,370,715,440,2,49,124,0,0,27,0,5,4,4,2819,12,1315,40,538,1606,4672,246,82,0,0,0,0,0,0,0,0,0,0,0,2,488,0,45,101,281,0,22,13,0,1062,0,16,0,5,5,1,5,13,334,2581,159,29,0,0,0,0,0,0,0,0,0,0,0,0,3,61,15,27,58,1,0,3,71,3,0,2,0,0,0,1,63,318,4,6,0,5,1,1,6,87150
299,2016,FRANKLIN,9871,4587,13295,15249,43002,10354,4665,14623,16026,45668,0,0,0,0,0,0,0,0,0,25,853,0,380,809,503,2,68,113,0,0,6,0,2,11,8,3118,8,1207,37,608,1797,4933,222,89,0,0,0,0,0,0,0,0,0,0,0,2,478,0,64,122,317,0,10,18,0,942,0,5,0,0,12,0,18,14,315,2485,153,15,0,0,0,0,0,0,0,0,0,0,0,0,0,83,10,31,80,0,1,3,80,1,0,0,2,0,0,3,82,381,3,2,0,0,0,1,0,88670
321,2014,GARFIELD,140,82,198,718,1138,111,96,229,666,1102,0,0,0,0,0,0,0,0,0,0,43,0,9,16,13,0,3,2,0,0,0,0,0,0,0,58,0,47,0,19,30,124,2,6,0,0,0,0,0,0,0,0,0,0,0,0,9,0,2,2,7,0,0,1,0,173,0,0,0,0,0,0,0,0,1,199,0,4,0,0,0,0,0,0,0,0,0,0,0,0,0,1,0,0,0,0,0,0,5,0,0,0,0,0,0,0,0,6,0,0,0,0,0,0,0,2240
322,2015,GARFIELD,146,84,193,730,1154,111,94,224,677,1106,0,0,0,0,0,0,0,0,0,1,50,0,9,21,18,0,1,12,0,0,0,0,0,2,0,72,0,82,0,29,40,183,18,11,0,0,0,0,0,0,0,0,0,0,0,0,14,0,1,1,6,0,0,1,0,94,0,0,0,0,0,0,0,0,5,126,1,3,0,0,0,0,0,0,0,0,0,0,0,0,0,0,0,0,0,0,0,0,28,0,0,0,0,0,0,0,0,28,0,0,0,0,0,0,0,2260
323,2016,GARFIELD,158,79,155,742,1134,111,92,174,689,1066,0,0,0,0,0,0,0,0,0,1,33,0,31,22,19,0,0,8,0,0,1,0,0,0,0,88,0,53,0,26,34,167,11,7,0,0,0,0,0,0,0,0,0,0,0,0,7,0,0,3,11,0,0,0,0,99,0,1,0,0,0,0,0,0,5,130,3,1,0,0,0,0,0,0,0,0,0,0,0,0,0,0,0,0,0,0,0,1,1,0,0,0,0,0,0,0,0,2,0,0,0,3,0,0,3,2200
346,2012,GRANT,9179,4213,12785,18485,44662,9384,4481,14062,18412,46338,0,0,0,0,0,0,0,0,0,24,1174,1,910,1221,513,2,59,93,0,0,22,0,5,6,3,5288,0,1531,49,599,3022,7418,231,83,62,3,101,209,3,9,1381,13,24,326,2131,0,0,0,0,0,0,0,0,0,0,0,0,0,0,0,0,0,0,0,0,0,0,0,0,5,3,23,46,0,13,159,0,2,72,323,0,0,0,0,0,0,0,0,0,0,0,0,0,0,0,0,0,0,0,0,3,11,1,4,15,91000
347,2013,GRANT,9308,4291,12732,18743,45072,9416,4504,14147,18662,46728,0,0,0,0,0,0,0,0,0,20,1151,0,1029,1114,333,4,86,82,0,0,21,0,2,3,5,5615,0,1470,44,430,3318,7515,211,92,0,0,0,0,0,0,0,0,0,0,0,6,604,1,148,83,181,2,25,25,0,1268,0,12,0,3,1,0,0,33,546,3086,114,34,3,0,0,0,0,0,0,0,0,0,0,0,2,69,32,31,37,0,0,3,61,4,0,2,0,0,0,3,101,351,0,6,2,13,3,2,18,91800
348,2014,GRANT,9414,4328,12807,19091,45639,9496,4516,14241,19007,47261,0,0,0,0,0,0,0,0,0,25,1247,0,880,1059,439,0,82,66,0,0,37,0,3,10,4,5130,0,1564,42,522,3042,7216,201,79,0,0,0,0,0,0,0,0,0,0,0,4,582,0,136,83,167,0,21,25,0,1066,0,30,0,1,2,2,0,28,556,2839,103,33,0,0,0,0,0,0,0,0,0,0,0,0,1,78,17,25,43,0,1,3,91,1,0,1,2,7,0,0,90,371,1,10,2,9,3,0,14,92900
349,2015,GRANT,9418,4391,12875,19432,46115,9477,4574,14292,19471,47815,0,0,0,0,0,0,0,0,0,26,1149,1,938,1097,420,2,54,67,0,0,26,0,4,6,1,5271,1,1476,45,487,3108,7234,224,65,0,0,0,0,0,0,0,0,0,0,0,3,530,0,141,88,166,0,14,24,0,1044,0,21,0,7,1,1,2,37,462,2696,121,34,0,0,0,0,0,0,0,0,0,0,0,0,0,86,38,15,40,0,0,3,90,0,0,0,0,0,0,3,105,386,1,5,0,16,1,0,17,93930
350,2016,GRANT,9456,4461,12748,19705,46369,9490,4631,14274,19845,48241,0,0,0,0,0,0,0,0,0,12,1202,0,935,962,486,1,70,53,0,0,31,1,3,5,4,5062,1,1524,33,569,3049,7155,229,78,0,0,0,0,0,0,0,0,0,0,0,1,555,0,158,88,209,0,20,24,0,921,0,16,0,1,0,0,0,13,398,2546,111,31,0,0,0,0,0,0,0,0,0,0,0,0,4,85,12,14,33,0,0,2,54,0,0,0,0,1,0,2,87,300,1,5,0,6,1,3,7,94610
373,2012,GRAYS HARBOR,5023,2556,8716,19309,35602,5079,2700,10587,19183,37548,0,0,0,0,0,0,0,0,0,8,535,0,436,314,527,0,43,91,0,0,6,0,2,4,5,2164,23,806,28,619,1335,3589,168,64,30,0,84,228,1,14,2218,7,22,364,2968,0,0,0,0,0,0,0,0,0,0,0,0,0,0,0,0,0,0,0,0,0,0,0,0,2,0,7,18,0,11,136,0,0,50,224,0,0,0,0,0,0,0,0,0,0,0,0,0,0,0,0,0,0,0,0,0,11,3,6,14,73150
374,2013,GRAYS HARBOR,5008,2520,8788,19304,35620,5086,2661,10626,19207,37580,0,0,0,0,0,0,0,0,0,9,739,1,670,484,478,1,21,129,0,0,6,0,1,2,6,3046,1,1139,21,543,1839,4728,262,58,0,0,0,0,0,0,0,0,0,0,0,0,373,1,150,85,258,1,7,31,0,1732,0,1,0,2,1,2,2,17,624,3465,142,36,0,0,0,0,0,0,0,0,0,0,0,0,0,44,27,15,24,0,0,12,67,0,0,0,0,1,0,0,64,254,0,0,1,9,6,4,16,73200
375,2014,GRAYS HARBOR,4975,2488,8769,19387,35619,5043,2619,10638,19381,37681,0,0,0,0,0,0,0,0,0,9,895,0,552,421,442,1,34,136,0,0,9,0,1,3,5,2692,9,1299,33,543,1642,4534,255,87,0,0,0,0,0,0,0,0,0,0,0,6,439,0,102,83,222,0,9,40,0,1296,0,1,0,1,0,2,9,20,498,2920,138,54,0,0,0,0,0,0,0,0,0,0,0,0,0,30,10,7,29,0,0,7,62,0,0,0,1,0,0,0,23,170,0,1,0,6,3,5,9,73300
376,2015,GRAYS HARBOR,4948,2491,8586,19411,35437,5001,2616,10523,19533,37673,0,0,0,0,0,0,0,0,0,6,1020,1,604,492,514,0,29,122,0,0,8,0,1,0,5,2800,5,1496,38,643,1630,4939,345,119,0,0,0,0,0,0,0,0,0,0,0,2,491,0,99,106,306,0,4,19,0,1179,0,4,0,1,0,0,4,18,501,2988,201,53,0,0,0,0,0,0,0,0,0,0,0,0,1,35,5,5,20,0,0,11,81,0,0,0,0,2,0,0,35,198,1,2,0,8,1,2,9,73110
377,2016,GRAYS HARBOR,4960,2500,8185,19471,35117,4989,2622,10316,19776,37703,0,0,0,0,0,0,0,0,0,16,917,0,418,457,436,2,39,157,0,0,6,0,3,0,16,2483,1,1421,24,536,1527,4440,338,83,0,0,0,0,0,0,0,0,0,0,0,5,406,0,75,93,247,0,6,44,0,1052,0,2,0,2,0,5,1,11,532,2687,181,25,0,0,0,0,0,0,0,0,0,0,0,0,0,34,7,8,12,0,1,7,34,0,0,0,0,5,0,0,30,140,1,1,0,5,1,6,6,72820
400,2012,ISLAND,5344,2508,9583,22664,40096,5564,2665,10852,20172,39254,0,0,0,0,0,0,0,0,0,9,544,0,493,559,177,0,21,41,0,0,5,0,1,2,2,2332,1,698,4,216,1246,3246,105,36,41,0,27,49,2,2,634,5,1,99,860,0,0,0,0,0,0,0,0,0,0,0,0,0,0,0,0,0,0,0,0,0,0,0,0,5,0,4,11,0,4,68,1,0,14,107,0,0,0,0,0,0,0,0,0,0,0,0,0,0,0,0,0,0,0,0,0,2,0,0,2,79350
401,2013,ISLAND,5427,2424,9646,22797,40293,5640,2597,10908,20260,39407,0,0,0,0,0,0,0,0,0,4,474,0,431,476,79,1,32,20,0,0,6,0,0,2,2,2084,2,633,8,114,1132,2831,131,31,0,0,0,0,0,0,0,0,0,0,0,0,234,0,34,23,32,0,3,1,0,860,0,5,0,0,0,1,2,2,156,1435,68,14,0,0,0,0,0,0,0,0,0,0,0,0,2,29,6,3,10,0,0,2,30,0,0,0,0,0,0,1,21,105,1,0,0,2,1,0,3,79700
402,2014,ISLAND,5517,2392,9618,22909,40436,5697,2566,10919,20383,39564,0,0,0,0,0,0,0,0,0,3,429,0,366,433,56,0,14,21,0,0,8,0,1,2,6,1778,0,566,9,105,953,2449,105,43,0,0,0,0,0,0,0,0,0,0,0,1,216,0,25,26,24,0,3,6,0,549,0,8,0,0,0,0,0,10,142,1076,57,9,0,0,0,0,0,0,0,0,0,0,0,0,0,35,0,10,0,0,0,0,23,0,0,0,0,0,0,0,15,87,3,1,0,2,0,0,2,80000
403,2015,ISLAND,5579,2358,9593,23199,40728,5721,2523,10872,20756,39872,0,0,0,0,0,0,0,0,0,3,371,0,262,296,37,2,22,23,0,0,6,0,1,0,4,1342,0,487,11,92,746,1921,86,51,0,0,0,0,0,0,0,0,0,0,0,1,210,0,13,18,17,0,5,7,0,356,0,3,0,3,0,1,0,5,73,761,42,7,0,0,0,0,0,0,0,0,0,0,0,0,0,16,3,5,4,0,0,3,18,0,0,1,0,0,0,1,16,68,1,0,0,4,0,3,4,80600
404,2016,ISLAND,5661,2284,9512,24571,42029,5739,2422,10742,21978,40881,0,0,0,0,0,0,0,0,0,3,408,0,268,326,75,0,22,24,0,0,4,0,1,4,1,1378,0,559,4,113,755,2050,118,37,0,0,0,0,0,0,0,0,0,0,0,0,196,0,28,21,44,0,4,6,0,468,0,6,1,0,1,0,0,4,98,940,52,11,0,0,0,0,0,0,0,0,0,0,0,0,0,24,3,9,4,0,0,2,10,2,0,0,0,0,0,0,14,68,0,0,0,2,1,1,3,82910
427,2012,JEFFERSON,1312,785,2444,10690,15231,1348,794,2788,10014,14944,0,0,0,0,0,0,0,0,0,12,319,1,199,245,62,0,17,25,0,0,2,0,0,5,4,1101,0,415,2,78,625,1594,64,12,20,1,12,27,0,3,402,0,1,45,511,0,0,0,0,0,0,0,0,0,0,0,0,0,0,0,0,0,0,0,0,0,0,0,0,1,0,2,10,0,1,47,0,0,12,73,0,0,0,0,0,0,0,0,0,0,0,0,0,0,0,0,0,0,0,0,0,2,1,0,3,30175
428,2013,JEFFERSON,1292,764,2472,10757,15285,1345,786,2785,10075,14990,0,0,0,0,0,0,0,0,0,3,275,0,158,194,68,0,22,23,0,0,6,1,0,3,1,971,1,397,1,81,593,1449,89,11,0,0,0,0,0,0,0,0,0,0,0,0,119,0,24,20,46,0,4,1,0,369,0,2,2,0,0,0,0,1,79,718,46,5,0,0,0,0,0,0,0,0,0,0,0,0,0,10,2,3,13,0,0,2,23,0,0,0,0,0,0,0,12,72,1,6,0,2,1,0,3,30275
429,2014,JEFFERSON,1295,738,2483,10987,15503,1352,759,2795,10291,15197,0,0,0,0,0,0,0,0,0,5,300,0,251,211,62,0,13,33,0,0,13,0,0,2,2,1112,0,411,5,77,627,1600,63,13,0,0,0,0,0,0,0,0,0,0,0,2,127,0,23,12,42,0,0,6,0,353,0,1,0,0,1,0,0,2,63,672,33,7,0,0,0,0,0,0,0,0,0,0,0,0,0,13,2,0,14,0,0,0,25,0,0,0,0,0,0,1,9,66,0,2,0,3,1,0,4,30700
430,2015,JEFFERSON,1279,727,2477,11083,15566,1320,753,2775,10465,15314,0,0,0,0,0,0,0,0,0,4,249,0,184,178,59,1,7,15,0,0,4,0,1,1,2,833,0,337,4,70,455,1240,67,9,0,0,0,0,0,0,0,0,0,0,0,0,108,0,19,14,46,0,0,3,0,303,0,0,0,1,0,1,0,5,45,591,43,3,0,0,0,0,0,0,0,0,0,0,0,0,1,14,3,2,7,0,0,0,52,0,0,0,0,0,0,0,5,84,0,0,0,1,0,0,1,30880
431,2016,JEFFERSON,1274,719,2468,11194,15655,1322,748,2756,10610,15435,0,0,0,0,0,0,0,0,0,3,249,0,135,161,71,0,13,18,0,0,3,0,1,1,1,774,0,320,2,86,460,1180,48,14,0,0,0,0,0,0,0,0,0,0,0,1,99,0,16,23,45,0,1,4,0,281,0,0,0,1,1,0,0,2,45,554,31,4,0,0,0,0,0,0,0,0,0,0,0,0,0,8,2,8,11,0,0,0,17,0,0,0,0,1,0,0,13,61,1,0,0,1,1,0,2,31090
455,2012,KING,136886,66469,308835,469403,981590,143347,69495,319524,443043,975410,941,158,7454,23,3505,321,737,16124,29263,134,13567,0,9623,12105,3778,31,1037,652,2,0,130,1,34,44,26,72061,286,16151,1829,4892,47302,93104,1723,800,1162,17,676,1926,24,166,17907,62,411,5258,27609,0,0,0,0,0,0,0,0,0,0,0,0,0,0,0,0,0,0,0,0,0,0,0,6,117,9,126,278,0,23,1406,4,93,792,2848,0,0,0,0,0,0,0,0,0,0,0,0,0,0,0,0,0,0,0,0,13,95,23,21,131,1957000
456,2013,KING,138927,67040,313040,474663,993670,145460,69747,324419,448603,988230,470,117,4942,9,2207,214,355,10437,18751,155,14514,0,11212,14064,3511,23,1210,675,0,3,134,2,34,50,54,86528,266,17484,2101,4730,57763,108742,2072,899,44,0,67,85,1,9,1024,7,18,450,1705,13,5547,0,672,775,1858,5,193,100,0,14259,0,40,2,10,16,8,182,456,6932,32225,828,329,12,6,1,12,25,0,0,90,0,4,71,209,6,496,199,107,179,0,1,19,637,1,0,1,4,0,3,144,838,2695,10,50,7,96,19,20,122,1981900
457,2014,KING,141332,67668,323217,478986,1011203,147607,70525,335549,452366,1006047,547,127,4677,12,2413,229,408,10896,19309,185,16991,0,12289,15225,3682,35,1344,838,1,6,195,2,44,62,45,105971,521,20803,2251,5214,74642,131988,2665,965,41,1,42,53,3,7,985,8,38,471,1649,14,5682,0,605,717,1684,0,226,111,0,14183,0,33,1,21,25,4,329,426,7143,32512,990,318,0,4,5,8,14,0,1,103,2,10,105,252,0,526,152,96,141,0,6,25,687,1,0,1,2,3,5,143,820,2675,14,53,3,99,23,30,125,2017250
458,2015,KING,142966,68696,333033,483253,1027948,149102,71707,346292,457751,1024852,427,114,3234,17,1969,196,266,7260,13483,219,18380,1,13708,16910,4248,69,1433,902,2,21,172,0,45,60,45,107549,480,22666,2251,6137,72958,136352,3086,1362,0,0,0,0,0,0,0,0,0,0,0,22,6444,0,694,923,1890,3,186,130,2,15294,8,42,1,16,17,9,224,522,7636,35765,1244,458,0,0,0,0,0,0,0,0,0,0,0,0,3,495,111,109,140,0,0,15,605,4,0,0,7,0,2,173,790,2544,11,79,2,87,22,26,111,2052800
459,2016,KING,146087,70209,352156,485134,1053585,151807,73352,367332,459024,1051515,492,97,3033,9,2443,181,309,6918,15270,234,18357,3,13547,17873,4494,93,1423,1105,0,14,168,0,49,69,57,112429,512,22788,2420,6457,76836,141674,3026,1394,0,0,0,0,0,0,0,0,0,0,0,26,6218,1,902,924,2005,3,199,158,0,15293,0,48,1,16,17,11,380,513,7150,35570,1266,439,0,0,0,0,0,0,0,0,0,0,0,0,4,438,84,96,119,0,3,14,503,4,0,8,5,2,1,147,710,2207,10,59,1,107,24,24,132,2105100
481,2012,KITSAP,17751,8940,32422,66660,125774,18496,9685,39375,61170,128726,0,0,0,0,0,0,0,0,0,41,2683,0,2044,1831,1335,7,307,241,0,0,16,0,5,24,1,11441,19,2969,111,1503,7100,15913,0,148,148,6,131,328,3,20,1970,10,47,543,3206,0,0,0,0,0,0,0,0,0,0,0,0,0,0,0,0,0,0,0,0,0,0,0,7,10,0,19,30,0,4,200,2,11,69,345,0,0,0,0,0,0,0,0,0,0,0,0,0,0,0,0,0,0,0,0,0,17,4,13,21,254500
482,2013,KITSAP,17927,8441,31254,67914,125538,18580,9288,38925,61667,128462,0,0,0,0,0,0,0,0,0,41,2518,0,1884,1588,1049,6,362,224,0,0,12,0,2,18,1,10517,23,3304,107,1228,6529,15049,530,155,0,0,0,0,0,0,0,0,0,0,0,9,840,0,222,114,324,0,48,29,0,1418,0,3,0,2,4,0,8,36,773,4032,174,28,4,0,0,0,0,0,0,0,0,0,0,0,2,120,11,45,54,0,0,10,66,0,0,0,0,0,0,4,79,395,0,4,0,15,2,8,17,254000
483,2014,KITSAP,17891,8564,31057,68939,126451,18537,9252,39155,62506,129449,0,0,0,0,0,0,0,0,0,35,2520,1,1625,1438,967,8,298,245,0,0,17,0,7,14,0,10260,41,3411,82,1130,6773,14801,608,122,0,0,0,0,0,0,0,0,0,0,0,6,813,0,175,122,296,0,44,26,0,1120,0,3,0,1,4,0,19,33,803,3720,216,39,0,0,0,0,0,0,0,0,0,0,0,0,1,115,16,16,29,0,0,7,51,1,0,0,0,0,0,2,58,297,1,0,0,12,4,7,16,255900
484,2015,KITSAP,17979,8628,30726,70229,127563,18567,9222,39242,63606,130637,0,0,0,0,0,0,0,0,0,29,2655,0,1428,1449,835,8,360,196,0,0,18,1,7,18,0,9813,43,3557,96,1009,6443,14379,662,131,0,0,0,0,0,0,0,0,0,0,0,2,805,0,183,105,308,0,34,29,0,1114,0,4,0,6,2,0,24,39,721,3614,204,34,0,0,0,0,0,0,0,0,0,0,0,0,0,123,24,17,32,0,0,6,70,0,0,0,1,0,0,3,53,332,3,0,0,7,1,12,8,258200
485,2016,KITSAP,18206,8668,30338,72581,129793,18864,9207,39527,65199,132797,0,0,0,0,0,0,0,0,0,28,2788,1,1449,1387,897,15,287,204,0,1,20,0,1,19,17,9744,27,3689,93,1066,6484,14499,656,125,0,0,0,0,0,0,0,0,0,0,0,7,874,0,171,96,357,1,36,27,0,1161,0,5,0,2,0,1,8,45,674,3689,197,27,0,0,0,0,0,0,0,0,0,0,0,0,0,96,7,17,31,0,0,12,43,0,0,0,0,0,0,6,52,267,0,3,0,6,2,16,8,262590
509,2012,KITTITAS,2351,1678,7756,8632,20418,2453,1606,8603,8421,21082,0,0,0,0,0,0,0,0,0,13,381,0,264,586,303,1,20,31,0,0,1,0,0,3,2,2228,0,524,6,330,1338,3082,108,25,8,3,13,99,0,6,834,3,2,101,1069,0,0,0,0,0,0,0,0,0,0,0,0,0,0,0,0,0,0,0,0,0,0,0,0,0,0,0,11,0,0,58,2,1,22,94,0,0,0,0,0,0,0,0,0,0,0,0,0,0,0,0,0,0,0,0,1,4,0,1,5,41500
510,2013,KITTITAS,2439,1589,7631,8943,20604,2550,1498,8479,8770,21296,0,0,0,0,0,0,0,0,0,4,384,1,334,662,158,2,24,22,0,0,2,0,1,1,2,2134,0,520,10,193,1097,2847,110,33,0,0,0,0,0,0,0,0,0,0,0,2,220,1,44,47,52,0,2,7,0,738,0,2,0,5,0,0,0,2,135,1332,59,16,1,0,0,0,0,0,0,0,0,0,0,0,0,20,4,9,9,0,0,1,35,0,0,0,0,0,0,2,21,103,1,1,0,2,0,2,2,41900
511,2014,KITTITAS,2419,1747,7526,8999,20692,2577,1620,8362,8849,21408,0,0,0,0,0,0,0,0,0,7,360,0,219,554,174,1,20,23,0,0,0,0,1,10,6,1839,1,525,4,218,1034,2582,131,37,0,0,0,0,0,0,0,0,0,0,0,4,196,0,11,42,53,0,6,8,0,706,0,0,0,1,2,1,1,7,145,1263,66,14,0,0,0,0,0,0,0,0,0,0,0,0,0,21,3,2,7,0,0,1,40,0,0,0,0,0,0,0,27,101,0,0,0,4,0,1,4,42100
512,2015,KITTITAS,2422,1800,7569,9106,20897,2593,1667,8438,9075,21773,0,0,0,0,0,0,0,0,0,4,343,0,204,520,214,2,12,33,0,0,0,0,0,5,6,1658,7,498,8,255,908,2411,117,28,0,0,0,0,0,0,0,0,0,0,0,0,195,0,17,37,95,1,5,12,0,618,0,0,0,0,2,0,6,4,117,1171,50,12,0,0,0,0,0,0,0,0,0,0,0,0,0,25,1,6,8,0,0,0,23,0,0,0,0,0,0,0,9,74,2,0,0,3,1,0,4,42670
513,2016,KITTITAS,2505,1753,7683,9343,21283,2665,1638,8663,9460,22427,0,0,0,0,0,0,0,0,0,3,306,0,156,402,213,2,23,31,0,0,1,1,0,0,11,1540,0,470,7,260,947,2270,131,36,0,0,0,0,0,0,0,0,0,0,0,5,165,0,24,33,120,0,1,6,0,620,0,0,0,1,0,0,0,2,108,1164,64,15,0,0,0,0,0,0,0,0,0,0,0,0,0,16,0,3,10,0,0,3,17,0,0,0,0,0,0,0,19,71,0,3,0,5,1,0,6,43710
536,2012,KLICKITAT,1373,709,2161,5929,10172,1391,833,2219,5985,10428,0,0,0,0,0,0,0,0,0,0,126,0,91,130,33,0,13,12,0,0,0,0,0,0,0,486,0,188,1,46,251,720,50,13,4,0,4,20,0,2,223,3,1,17,274,0,0,0,0,0,0,0,0,0,0,0,0,0,0,0,0,0,0,0,0,0,0,0,0,2,0,0,1,0,0,29,0,0,6,38,0,0,0,0,0,0,0,0,0,0,0,0,0,0,0,0,0,0,0,0,0,5,1,0,6,20600
537,2013,KLICKITAT,1382,701,2144,6004,10232,1365,826,2203,6073,10468,0,0,0,0,0,0,0,0,0,0,143,0,107,106,22,0,15,6,0,0,0,0,1,0,0,466,0,207,4,36,234,709,57,14,0,0,0,0,0,0,0,0,0,0,0,0,57,0,10,5,12,0,1,0,0,194,0,0,0,0,0,0,0,8,45,355,20,3,0,0,0,0,0,0,0,0,0,0,0,0,0,12,0,0,4,0,0,0,19,0,0,0,0,0,0,0,13,48,0,0,0,5,1,0,6,20700
538,2014,KLICKITAT,1380,702,2149,6085,10317,1351,829,2211,6143,10533,0,0,0,0,0,0,0,0,0,2,136,0,81,107,17,0,12,10,0,0,0,0,0,1,0,411,0,173,2,21,207,605,26,4,0,0,0,0,0,0,0,0,0,0,0,0,59,0,5,6,15,0,0,0,0,230,0,0,0,0,0,0,0,0,22,345,7,1,0,0,0,0,0,0,0,0,0,0,0,0,0,7,5,1,2,0,0,0,41,0,0,0,0,0,0,3,17,77,1,0,1,2,0,0,3,20850
539,2015,KLICKITAT,1377,697,2109,6185,10368,1334,815,2191,6292,10632,0,0,0,0,0,0,0,0,0,7,158,0,120,128,25,0,5,13,0,0,1,0,0,0,0,548,0,202,2,40,286,790,30,15,0,0,0,0,0,0,0,0,0,0,0,1,51,0,7,8,6,0,1,2,0,274,0,0,0,0,0,0,0,0,32,396,14,0,0,0,0,0,0,0,0,0,0,0,0,0,0,7,0,4,3,0,0,0,9,0,0,0,0,0,0,0,7,30,0,0,0,1,0,0,1,21000
540,2016,KLICKITAT,1379,695,2070,6328,10472,1343,799,2179,6478,10798,0,0,0,0,0,0,0,0,0,0,159,0,66,73,22,0,2,16,0,0,0,0,2,1,1,337,0,221,2,34,194,592,43,11,0,0,0,0,0,0,0,0,0,0,0,0,58,0,3,7,11,0,1,5,0,271,0,2,0,0,1,0,0,0,24,402,18,1,0,0,0,0,0,0,0,0,0,0,0,0,0,6,0,0,0,0,0,0,14,0,0,0,0,0,0,0,6,26,0,0,0,2,0,1,2,21270
563,2012,LEWIS,5379,2911,9382,20434,38107,5676,3079,9980,19458,38193,0,0,0,0,0,0,0,0,0,12,851,0,555,638,665,2,37,84,0,0,4,0,3,10,7,2980,1,1178,23,723,1713,4881,226,50,48,3,63,263,3,12,1401,9,15,204,2021,0,0,0,0,0,0,0,0,0,0,0,0,0,0,0,0,0,0,0,0,0,0,0,0,3,0,11,28,0,4,145,1,1,38,231,0,0,0,0,0,0,0,0,0,0,0,0,0,0,0,0,0,0,0,0,0,20,8,5,28,76300
564,2013,LEWIS,5375,2891,9319,20506,38091,5648,3004,9943,19516,38109,0,0,0,0,0,0,0,0,0,14,814,0,480,438,394,1,47,66,0,0,17,0,1,6,3,2533,1,1127,23,441,1530,4101,223,43,0,0,0,0,0,0,0,0,0,0,0,2,519,0,91,67,229,1,19,21,0,1121,0,15,0,1,1,2,0,13,336,2574,113,23,1,0,0,0,0,0,0,0,0,0,0,0,4,95,6,24,26,0,0,4,57,0,0,0,0,0,0,1,38,256,1,0,2,10,4,2,16,76200
565,2014,LEWIS,5359,2813,9373,20572,38116,5669,2921,9989,19606,38184,0,0,0,0,0,0,0,0,0,13,777,0,486,541,376,4,62,83,0,0,19,0,1,4,7,2836,1,1097,25,423,1705,4356,213,39,0,0,0,0,0,0,0,0,0,0,0,7,456,0,95,49,201,2,13,34,0,1220,0,12,0,4,1,4,0,15,455,2650,64,18,0,0,0,0,0,0,0,0,0,0,0,0,2,77,10,14,26,0,0,11,33,0,0,0,0,1,0,0,49,224,0,1,0,13,1,5,14,76300
566,2015,LEWIS,5332,2793,9355,20741,38222,5642,2923,9973,19900,38438,0,0,0,0,0,0,0,0,0,8,729,0,437,682,323,1,44,70,0,0,6,0,1,5,5,2881,1,1034,34,350,1675,4265,223,21,0,0,0,0,0,0,0,0,0,0,0,0,430,0,93,73,172,1,10,24,0,1209,0,6,0,0,1,3,1,22,352,2487,80,10,0,0,0,0,0,0,0,0,0,0,0,0,0,80,10,20,27,0,0,8,78,1,0,0,1,0,0,3,46,278,3,1,0,8,4,10,12,76660
567,2016,LEWIS,5352,2788,9304,20837,38281,5649,2922,9936,20103,38609,0,0,0,0,0,0,0,0,0,10,721,0,441,690,315,1,77,59,0,0,8,0,1,7,16,3222,0,1005,28,365,1975,4592,209,34,0,0,0,0,0,0,0,0,0,0,0,1,452,0,88,74,199,0,20,24,0,1372,0,10,0,1,3,4,0,20,409,2795,105,13,0,0,0,0,0,0,0,0,0,0,0,0,0,84,7,14,23,0,0,3,46,1,0,0,3,6,0,1,55,245,0,2,0,11,3,2,14,76890
590,2012,LINCOLN,723,426,1019,3174,5340,742,437,1038,3120,5335,0,0,0,0,0,0,0,0,0,2,86,0,59,68,56,0,1,6,0,0,0,0,0,1,0,284,0,97,0,61,154,442,4,5,3,0,12,13,0,3,88,0,0,13,132,0,0,0,0,0,0,0,0,0,0,0,0,0,0,0,0,0,0,0,0,0,0,0,1,2,0,5,1,0,0,21,0,0,3,32,0,0,0,0,0,0,0,0,0,0,0,0,0,0,0,0,0,0,0,0,0,1,1,0,2,10675
591,2013,LINCOLN,712,433,1025,3176,5346,723,422,1057,3126,5329,0,0,0,0,0,0,0,0,0,1,61,0,52,50,36,0,0,8,0,0,1,0,0,0,0,218,0,72,0,44,115,334,2,8,0,0,0,0,0,0,0,0,0,0,0,0,40,0,14,7,14,0,0,1,0,84,0,2,0,0,0,0,0,0,15,187,2,8,0,0,0,0,0,0,0,0,0,0,0,0,0,8,4,2,3,0,0,1,23,0,0,0,0,0,0,0,5,47,0,1,0,1,0,1,1,10675
592,2014,LINCOLN,702,433,1028,3185,5348,725,423,1061,3143,5352,0,0,0,0,0,0,0,0,0,0,74,0,53,40,36,0,0,13,0,0,1,0,0,2,2,220,0,90,1,46,126,356,0,8,0,0,0,0,0,0,0,0,0,0,0,0,41,0,13,13,5,0,0,2,0,78,0,0,0,0,1,0,0,0,32,191,0,6,0,0,0,0,0,0,0,0,0,0,0,0,0,7,0,5,2,0,0,1,8,0,0,0,0,0,0,0,4,28,0,1,0,0,0,0,0,10700
593,2015,LINCOLN,677,425,1042,3206,5350,715,416,1077,3162,5370,0,0,0,0,0,0,0,0,0,1,82,1,39,41,36,0,0,7,0,0,1,0,0,0,0,221,0,93,2,47,137,361,3,11,0,0,0,0,0,0,0,0,0,0,0,0,59,0,7,12,9,0,0,0,0,83,0,0,0,0,0,0,0,1,18,200,2,9,0,0,0,0,0,0,0,0,0,0,0,0,0,4,1,2,2,0,0,1,16,1,0,0,0,0,0,0,3,34,0,4,0,1,0,0,1,10720
594,2016,LINCOLN,686,419,997,3211,5313,712,407,1022,3185,5327,0,0,0,0,0,0,0,0,0,2,81,0,59,38,34,0,0,5,0,0,0,0,0,2,0,231,0,91,2,42,130,364,3,8,0,0,0,0,0,0,0,0,0,0,0,0,63,0,21,8,26,0,0,1,0,91,0,0,0,0,1,0,0,3,37,261,1,9,0,0,0,0,0,0,0,0,0,0,0,0,1,5,0,0,0,0,0,1,7,0,0,0,2,0,0,0,1,17,0,0,0,0,0,0,0,10640
617,2012,MASON,3855,2026,6790,17059,29731,4090,2200,8400,17029,31719,0,0,0,0,0,0,0,0,0,12,440,0,909,584,285,0,64,84,0,0,11,0,6,1,0,3574,0,671,22,447,1983,4692,129,162,43,0,44,89,8,11,1246,4,7,151,1603,0,0,0,0,0,0,0,0,0,0,0,0,0,0,0,0,0,0,0,0,0,0,0,1,2,3,5,19,1,1,70,0,4,16,121,0,0,0,0,0,0,0,0,0,0,0,0,0,0,0,0,0,0,0,0,0,6,1,1,7,61450
618,2013,MASON,3863,1994,6870,17202,29928,4144,2175,8434,17120,31872,0,0,0,0,0,0,0,0,0,3,367,0,692,628,203,0,53,53,0,0,12,0,3,3,5,2993,0,535,21,397,1596,3925,97,189,0,0,0,0,0,0,0,0,0,0,0,0,158,0,52,33,109,0,10,13,0,1470,0,9,0,3,0,0,0,14,197,2114,32,14,0,0,0,0,0,0,0,0,0,0,0,0,1,20,1,4,10,0,0,2,30,1,0,0,0,0,0,1,13,84,0,1,1,8,0,1,9,61800
619,2014,MASON,3883,1986,6894,17264,30026,4113,2170,8444,17247,31974,0,0,0,0,0,0,0,0,0,9,420,0,677,484,252,0,47,62,0,0,13,3,2,4,3,2871,0,613,20,382,1634,3866,109,127,0,0,0,0,0,0,0,0,0,0,0,3,181,0,54,29,129,0,7,16,0,1343,0,10,0,2,0,0,0,13,205,2033,34,7,0,0,0,0,0,0,0,0,0,0,0,0,3,15,0,2,11,0,0,3,22,0,1,0,0,0,0,0,12,70,0,1,0,7,1,3,8,62000
620,2015,MASON,3869,1989,6907,17351,30116,4057,2164,8423,17440,32084,0,0,0,0,0,0,0,0,0,11,449,0,568,389,238,0,33,45,0,0,10,1,3,0,3,2562,0,613,20,400,1541,3575,105,159,0,0,0,0,0,0,0,0,0,0,0,6,198,0,53,30,116,0,9,10,0,1457,0,4,1,3,0,0,0,16,190,2123,24,6,0,0,0,0,0,0,0,0,0,0,0,0,0,17,0,6,9,0,0,0,32,0,0,0,0,0,0,0,21,87,0,2,0,8,2,1,10,62200
621,2016,MASON,3879,1993,6898,17393,30163,4055,2163,8388,17550,32157,0,0,0,0,0,0,0,0,0,4,358,0,420,334,237,1,57,70,0,0,16,1,5,3,4,2248,1,562,14,382,1418,3192,109,140,0,0,0,0,0,0,0,0,0,0,0,2,157,0,51,17,139,0,6,7,0,1718,0,17,0,2,0,0,1,9,178,2359,36,19,0,0,0,0,0,0,0,0,0,0,0,0,1,15,1,3,5,0,0,3,9,0,0,0,0,0,0,0,9,47,0,1,0,7,2,4,9,62320
644,2012,OKANOGAN,3146,1461,4624,11265,20495,3346,1596,4873,11116,20930,0,0,0,0,0,0,0,0,0,5,438,0,261,288,148,0,5,13,0,0,0,0,0,2,1,1150,0,466,5,166,586,1782,13,17,32,0,33,45,0,8,868,3,3,73,1065,0,0,0,0,0,0,0,0,0,0,0,0,0,0,0,0,0,0,0,0,0,0,0,0,3,0,9,22,0,2,64,0,0,22,122,0,0,0,0,0,0,0,0,0,0,0,0,0,0,0,0,0,0,0,0,1,5,1,0,7,41425
645,2013,OKANOGAN,3141,1460,4637,11306,20546,3368,1600,4877,11111,20954,0,0,0,0,0,0,0,0,0,4,345,0,281,275,92,0,16,15,0,0,1,0,5,1,0,1291,0,382,9,129,706,1802,15,37,0,0,0,0,0,0,0,0,0,0,0,0,201,0,40,23,47,0,3,4,0,687,0,0,0,1,1,0,0,6,134,1168,7,14,0,0,0,0,0,0,0,0,0,0,0,0,0,6,1,2,10,0,0,0,35,0,0,0,0,0,0,0,45,102,0,3,0,9,0,0,9,41500
646,2014,OKANOGAN,3162,1462,4548,11427,20599,3406,1582,4803,11310,21101,0,0,0,0,0,0,0,0,0,2,292,0,301,271,95,0,10,12,0,0,2,0,1,2,1,1230,0,324,6,113,640,1667,15,17,0,0,0,0,0,0,0,0,0,0,0,1,163,0,38,15,47,0,2,7,0,631,0,1,0,1,0,0,0,3,125,1055,10,11,0,0,0,0,0,0,0,0,0,0,0,0,0,6,0,5,14,0,0,0,49,0,0,0,0,0,0,0,18,93,0,1,0,9,4,0,13,41700
647,2015,OKANOGAN,3159,1478,4509,11519,20665,3374,1595,4769,11457,21195,0,0,0,0,0,0,0,0,0,2,284,0,246,213,103,0,2,15,0,0,0,0,1,0,1,1053,0,310,3,115,587,1478,10,11,0,0,0,0,0,0,0,0,0,0,0,0,116,0,29,7,28,0,1,1,0,770,0,0,0,3,0,0,0,1,121,1086,6,3,0,0,0,0,0,0,0,0,0,0,0,0,0,8,0,5,12,0,0,2,27,0,0,0,0,0,0,0,8,62,0,0,0,8,1,0,9,41860
648,2016,OKANOGAN,3171,1470,4310,11608,20558,3372,1601,4577,11621,21172,0,0,0,0,0,0,0,0,0,4,308,0,189,164,110,0,4,11,0,0,2,0,0,1,0,831,0,330,10,124,460,1285,8,14,0,0,0,0,0,0,0,0,0,0,0,1,100,0,38,16,43,0,0,2,0,836,0,0,0,0,0,0,0,5,81,1136,6,8,0,0,0,0,0,0,0,0,0,0,0,0,0,6,1,0,11,0,0,0,38,0,0,0,0,0,0,0,6,62,0,0,0,13,2,0,15,41730
671,2012,PACIFIC,1119,590,1902,6810,10421,1224,620,2174,6529,10549,0,0,0,0,0,0,0,0,0,0,156,0,179,96,59,0,8,9,0,0,0,0,0,2,2,557,1,185,1,72,273,814,18,10,8,0,5,17,0,1,108,0,0,15,154,0,0,0,0,0,0,0,0,0,0,0,0,0,0,0,0,0,0,0,0,0,0,0,0,0,0,0,2,0,0,5,0,0,0,7,0,0,0,0,0,0,0,0,0,0,0,0,0,0,0,0,0,0,0,0,0,5,0,7,5,20970
672,2013,PACIFIC,1125,587,1904,6813,10430,1240,658,2140,6532,10570,0,0,0,0,0,0,0,0,0,2,217,0,185,79,107,0,5,18,0,0,0,0,0,1,2,550,0,256,1,142,278,948,20,33,0,0,0,0,0,0,0,0,0,0,0,0,180,0,18,21,62,0,3,9,0,161,0,4,0,1,0,0,0,0,59,566,35,13,1,0,0,0,0,0,0,0,0,0,0,0,0,6,1,0,1,0,0,0,2,0,0,0,0,0,0,0,1,11,0,0,0,2,4,3,6,21000
673,2014,PACIFIC,1105,586,1885,6889,10465,1207,693,2098,6637,10635,0,0,0,0,0,0,0,0,0,1,210,0,154,29,107,0,5,17,0,0,1,0,0,4,0,471,0,250,1,118,281,839,18,11,0,0,0,0,0,0,0,0,0,0,0,0,128,0,10,3,34,0,1,6,0,131,0,1,0,0,0,0,0,0,32,367,18,3,0,0,0,0,0,0,0,0,0,0,0,0,0,2,0,3,0,0,0,1,6,0,0,0,0,0,0,0,1,13,0,0,0,2,2,1,4,21100
674,2015,PACIFIC,1105,587,1860,6913,10465,1213,698,2078,6756,10745,0,0,0,0,0,0,0,0,0,1,187,0,124,25,64,0,7,14,0,0,0,0,0,0,0,376,0,211,2,73,217,660,10,9,0,0,0,0,0,0,0,0,0,0,0,0,102,0,6,9,39,0,2,3,0,139,0,0,0,0,0,0,0,0,26,337,10,1,0,0,0,0,0,0,0,0,0,0,0,0,1,9,0,0,0,0,0,0,6,0,0,0,0,0,0,0,1,17,0,0,0,4,1,4,5,21210
675,2016,PACIFIC,1112,589,1837,6888,10426,1210,706,2058,6780,10754,0,0,0,0,0,0,0,0,0,0,175,0,89,22,63,0,7,10,0,0,1,0,1,1,1,335,0,197,1,80,216,612,9,16,0,0,0,0,0,0,0,0,0,0,0,0,101,0,13,8,34,0,4,2,0,163,0,2,0,2,0,0,0,0,37,377,5,6,0,0,0,0,0,0,0,0,0,0,0,0,0,3,0,2,2,0,0,1,10,2,0,0,0,0,0,0,4,24,0,0,0,9,5,0,14,21180
698,2012,PEND OREILLE,800,479,1248,3935,6464,855,530,1264,3989,6636,0,0,0,0,0,0,0,0,0,0,224,0,142,129,66,0,2,9,0,0,1,0,3,0,0,626,0,302,1,89,352,1017,65,23,1,0,11,7,1,2,153,1,0,15,191,0,0,0,0,0,0,0,0,0,0,0,0,0,0,0,0,0,0,0,0,0,0,0,0,0,0,0,0,0,0,0,0,0,0,0,0,0,0,0,0,0,0,0,0,0,0,0,0,0,0,0,0,0,0,0,0,2,0,0,2,13100
699,2013,PEND OREILLE,804,462,1275,3957,6496,842,523,1275,4013,6654,0,0,0,0,0,0,0,0,0,2,218,0,142,149,81,0,2,8,0,0,0,1,1,0,3,660,0,299,0,114,365,1073,71,30,0,0,0,0,0,0,0,0,0,0,0,0,0,0,0,0,0,0,0,0,0,0,0,0,0,0,0,0,0,0,0,0,0,0,0,0,0,0,0,0,0,0,0,0,0,0,0,0,0,0,0,0,0,0,0,0,0,0,0,0,0,0,0,0,0,0,0,1,0,0,1,13150
700,2014,PEND OREILLE,801,445,1285,3983,6514,827,507,1297,4065,6696,0,0,0,0,0,0,0,0,0,2,203,0,135,87,81,0,0,14,0,0,1,0,0,0,1,509,0,269,1,107,284,885,51,25,0,0,0,0,0,0,0,0,0,0,0,1,79,0,3,2,28,0,0,1,0,62,0,1,0,0,0,0,0,0,25,210,7,1,0,0,0,0,0,0,0,0,0,0,0,0,0,0,0,0,0,0,0,0,0,0,0,0,0,0,0,0,0,0,0,0,0,0,0,0,0,13210
701,2015,PEND OREILLE,792,440,1288,3999,6518,822,497,1305,4099,6722,0,0,0,0,0,0,0,0,0,1,188,0,108,76,63,0,0,15,0,0,0,0,0,0,2,412,0,234,1,86,226,732,31,21,0,0,0,0,0,0,0,0,0,0,0,1,67,0,8,7,18,0,0,1,0,50,0,2,0,0,0,0,0,0,14,180,7,5,0,0,0,0,0,0,0,0,0,0,0,0,0,0,0,0,0,0,0,0,0,0,0,0,0,0,0,0,0,0,0,0,0,2,0,0,2,13240
702,2016,PEND OREILLE,787,437,1292,4005,6521,820,487,1316,4146,6769,0,0,0,0,0,0,0,0,0,2,174,0,72,36,82,0,1,14,0,0,1,0,0,1,0,336,0,219,1,112,224,667,29,30,0,0,0,0,0,0,0,0,0,0,0,0,74,0,4,3,31,0,0,5,0,46,0,3,0,0,0,0,0,1,13,190,5,5,0,0,0,0,0,0,0,0,0,0,0,0,0,8,1,1,6,0,0,0,1,0,0,0,0,0,0,0,3,20,0,0,0,0,0,0,0,13290
725,2012,PIERCE,64359,31478,122951,190205,408993,67346,32903,123294,175664,399207,45,2,209,0,117,5,15,566,959,164,9853,1,8721,12915,3035,33,796,753,0,0,194,2,35,94,46,53278,208,13299,886,3916,29762,70493,2368,627,666,13,486,1056,10,83,12189,17,212,2131,16863,0,0,0,0,0,0,0,0,0,0,0,0,0,0,0,0,0,0,0,0,0,0,0,4,76,8,101,211,2,20,1006,19,57,547,2047,0,0,0,0,0,0,0,0,0,0,0,0,0,0,0,0,0,0,0,0,5,64,20,64,89,808200
726,2013,PIERCE,64963,31377,123073,192786,412199,67915,32745,123419,178223,402301,0,0,0,0,0,0,0,0,0,202,10022,0,7974,12637,2773,45,794,749,0,0,180,1,24,84,57,53478,178,13267,908,3807,30918,70552,2207,799,0,0,0,0,0,0,0,0,0,0,0,22,3873,0,645,632,1337,5,130,68,0,9902,0,78,2,22,22,7,115,278,3407,21487,699,243,6,0,0,0,0,0,0,0,0,0,0,0,11,645,112,160,268,0,2,47,436,10,0,1,6,2,2,51,592,2403,1,57,7,42,8,49,57,814500
727,2014,PIERCE,65671,31278,123157,195551,415657,68830,32639,123200,180974,405643,0,0,0,0,0,0,0,0,0,162,9877,0,8382,10841,3042,53,800,794,0,0,170,2,30,85,66,51110,149,13203,981,4023,29891,68336,2245,766,0,0,0,0,0,0,0,0,0,0,0,27,3909,0,646,521,1533,5,148,89,0,9164,0,70,1,24,14,7,70,298,3086,20531,711,208,0,0,0,0,0,0,0,0,0,0,0,0,8,577,119,120,233,3,1,32,362,3,1,2,3,3,5,65,458,2024,1,28,2,55,6,46,63,821300
728,2015,PIERCE,66396,31421,123185,198826,419828,69473,32820,122983,185016,410292,0,0,0,0,0,0,0,0,0,164,10075,2,7276,11458,3190,58,756,854,0,0,153,1,34,80,61,50923,164,13469,918,4179,30291,68571,2272,764,0,0,0,0,0,0,0,0,0,0,0,16,3711,0,678,502,1585,2,141,104,0,8090,0,74,1,31,16,8,119,222,2933,19157,724,200,0,0,0,0,0,0,0,0,0,0,0,0,9,572,99,122,181,0,5,31,292,1,1,3,6,1,1,35,307,1709,1,42,0,46,9,22,55,830120
729,2016,PIERCE,67791,31871,124670,203120,427452,70900,33268,123706,189165,417038,0,0,0,0,0,0,0,0,0,174,10205,2,6903,12452,3145,53,845,893,0,0,161,0,29,79,83,54129,114,13778,1008,4054,32692,71961,2411,712,0,0,0,0,0,0,0,0,0,0,0,30,3730,1,756,496,1447,1,118,110,0,8117,0,66,0,13,20,8,77,273,2941,19137,745,188,0,0,0,0,0,0,0,0,0,0,0,0,4,457,78,91,194,0,2,40,255,3,0,0,8,2,7,68,283,1536,2,42,1,36,7,31,44,844490
752,2012,SAN JUAN,724,463,1400,5600,8186,681,462,1389,5205,7739,0,0,0,0,0,0,0,0,0,0,51,0,70,63,19,0,1,6,0,0,0,0,0,0,0,294,0,77,0,19,160,390,20,0,1,0,6,3,0,0,66,2,0,7,85,0,0,0,0,0,0,0,0,0,0,0,0,0,0,0,0,0,0,0,0,0,0,0,0,0,0,0,0,0,0,4,0,0,0,4,0,0,0,0,0,0,0,0,0,0,0,0,0,0,0,0,0,0,0,0,0,2,0,0,2,15925
753,2013,SAN JUAN,710,460,1417,5641,8227,658,447,1400,5266,7773,0,0,0,0,0,0,0,0,0,2,65,0,69,32,11,0,0,5,0,0,1,0,0,1,0,266,0,86,2,11,161,363,14,0,0,0,0,0,0,0,0,0,0,0,0,0,28,0,3,1,4,0,0,2,0,110,0,0,0,0,0,1,0,3,10,163,1,0,0,0,0,0,0,0,0,0,0,0,0,0,0,4,0,0,4,0,0,0,2,0,0,0,0,0,0,0,2,12,0,0,0,1,1,0,2,16000
754,2014,SAN JUAN,696,463,1434,5689,8282,645,448,1391,5334,7818,0,0,0,0,0,0,0,0,0,1,49,0,39,26,9,0,0,3,0,0,1,0,0,1,1,205,0,60,0,11,139,276,6,1,0,0,0,0,0,0,0,0,0,0,0,0,12,0,0,0,1,0,0,1,0,55,0,0,0,0,0,0,0,0,2,71,0,0,0,0,0,0,0,0,0,0,0,0,0,0,0,0,0,1,1,0,0,0,1,0,0,0,0,0,0,0,1,4,0,0,0,0,0,0,0,16100
755,2015,SAN JUAN,677,457,1439,5750,8322,636,436,1390,5396,7858,0,0,0,0,0,0,0,0,0,1,62,0,53,28,7,0,1,3,0,0,0,0,0,2,1,274,0,74,0,11,191,359,7,3,0,0,0,0,0,0,0,0,0,0,0,0,26,0,3,0,0,0,0,1,0,117,0,0,0,0,0,0,0,0,10,157,0,0,0,0,0,0,0,0,0,0,0,0,0,0,0,2,1,0,1,0,0,0,4,0,0,0,0,0,0,0,1,9,0,0,0,0,0,0,0,16180
756,2016,SAN JUAN,679,456,1442,5824,8401,626,428,1391,5474,7919,0,0,0,0,0,0,0,0,0,3,66,0,36,8,13,0,1,8,0,0,0,0,1,1,2,221,0,94,1,16,172,331,18,1,0,0,0,0,0,0,0,0,0,0,0,0,43,0,3,0,1,0,0,0,0,115,0,0,0,1,0,1,0,0,10,179,4,1,0,0,0,0,0,0,0,0,0,0,0,0,0,3,0,0,1,0,0,0,7,0,0,0,0,0,0,0,0,11,0,0,0,0,0,0,0,16320
779,2012,SKAGIT,8887,4452,15224,30942,59505,9054,4660,15952,28779,58445,0,0,0,0,0,0,0,0,0,29,1582,0,1257,1796,1173,3,57,79,0,0,9,0,2,7,10,7392,7,2122,47,1345,4203,10859,443,155,32,2,128,266,1,40,1666,28,25,610,2798,0,0,0,0,0,0,0,0,0,0,0,0,0,0,0,0,0,0,0,0,0,0,0,1,3,0,16,80,0,7,257,2,1,116,482,0,0,0,0,0,0,0,0,0,0,0,0,0,0,0,0,0,0,0,0,2,13,3,2,18,117950
780,2013,SKAGIT,8913,4436,15292,31192,59833,9067,4604,16033,29061,58767,0,0,0,0,0,0,0,0,0,27,1464,2,1143,1590,961,1,111,66,0,0,16,2,5,6,5,7453,4,1959,64,1131,4515,10543,400,161,0,0,0,0,0,0,0,0,0,0,0,6,698,0,156,92,347,0,30,29,0,1045,0,21,5,4,0,2,1,39,1097,3837,227,38,0,0,0,0,0,0,0,0,0,0,0,0,4,92,21,27,87,0,0,3,130,0,0,0,0,0,0,1,122,494,1,6,0,7,4,1,11,118600
781,2014,SKAGIT,8916,4494,15318,31547,60275,9086,4601,16054,29484,59225,0,0,0,0,0,0,0,0,0,20,1334,0,982,1425,958,1,59,100,0,0,17,0,3,4,11,6501,1,1820,36,1112,3978,9433,362,142,0,0,0,0,0,0,0,0,0,0,0,6,620,0,119,88,263,1,17,34,0,911,0,17,0,0,1,2,0,33,1003,3338,200,23,0,0,0,0,0,0,0,0,0,0,0,0,2,85,15,25,65,0,0,10,141,0,0,0,0,0,0,0,87,438,3,5,0,7,3,3,10,119500
782,2015,SKAGIT,8897,4531,15294,32037,60758,9039,4632,16027,30163,59862,0,0,0,0,0,0,0,0,0,16,1364,0,964,2030,1165,4,95,65,0,0,20,0,3,6,5,7448,0,1842,50,1388,4289,10678,384,218,0,0,0,0,0,0,0,0,0,0,0,3,693,0,152,107,281,0,19,24,0,994,0,21,0,3,0,4,0,34,1130,3723,223,35,0,0,0,0,0,0,0,0,0,0,0,0,7,81,19,47,44,0,0,5,114,0,0,0,0,0,0,9,132,462,1,3,0,9,1,2,10,120620
784,2016,SKAGIT,8973,4597,15253,32745,61568,9119,4684,15971,30928,60702,0,0,0,0,0,0,0,0,0,8,1325,0,858,1653,1527,5,122,59,0,0,16,0,6,3,7,6742,0,1830,55,1764,4041,10336,421,230,0,0,0,0,0,0,0,0,0,0,0,2,679,0,151,92,390,0,23,24,0,1120,0,13,0,3,0,1,0,28,982,3782,251,23,0,0,0,0,0,0,0,0,0,0,0,0,1,63,10,28,43,0,0,4,97,0,0,3,0,1,0,4,82,343,2,5,1,13,2,4,16,122270
805,2012,SKAMANIA,744,418,1271,3158,5592,764,449,1274,3196,5683,0,0,0,0,0,0,0,0,0,0,111,0,37,52,45,0,2,17,0,0,1,0,0,0,0,176,0,139,0,52,85,367,10,7,12,0,6,32,0,3,164,3,0,8,228,0,0,0,0,0,0,0,0,0,0,0,0,0,0,0,0,0,0,0,0,0,0,0,1,0,0,0,0,0,2,14,0,0,3,19,0,0,0,0,0,0,0,0,0,0,0,0,0,0,0,0,0,0,0,0,0,1,0,0,1,11275
806,2013,SKAMANIA,736,421,1263,3189,5606,750,425,1285,3234,5694,0,0,0,0,0,0,0,0,0,0,103,0,27,37,23,0,3,10,0,0,2,0,0,0,0,148,0,133,0,25,81,306,18,2,0,0,0,0,0,0,0,0,0,0,0,0,62,0,3,5,13,0,1,7,0,61,0,2,0,0,0,0,0,0,10,171,5,2,0,0,0,0,0,0,0,0,0,0,0,0,0,7,0,2,2,0,0,0,2,0,0,0,0,0,0,0,0,13,0,0,0,1,1,0,2,11300
807,2014,SKAMANIA,739,417,1261,3233,5649,734,426,1291,3271,5721,0,0,0,0,0,0,0,0,0,1,86,0,26,26,19,0,2,5,0,0,1,1,0,0,1,149,0,108,3,26,91,283,15,6,0,0,0,0,0,0,0,0,0,0,0,1,50,0,0,7,18,0,1,2,0,44,0,3,0,1,0,0,0,0,9,141,2,3,0,0,0,0,0,0,0,0,0,0,0,0,0,4,1,0,0,0,0,1,0,0,0,0,0,0,0,0,3,9,0,0,0,2,1,1,3,11370
808,2015,SKAMANIA,727,412,1257,3285,5681,706,425,1290,3328,5749,0,0,0,0,0,0,0,0,0,1,57,0,34,17,8,0,6,12,0,0,1,0,0,0,0,163,0,82,0,13,105,258,12,5,0,0,0,0,0,0,0,0,0,0,0,1,39,0,2,4,7,0,0,2,0,40,0,1,0,0,0,0,0,0,14,116,3,3,0,0,0,0,0,0,0,0,0,0,0,0,0,3,0,0,0,0,0,1,0,0,0,0,0,0,0,0,2,8,0,2,0,2,2,2,4,11430
809,2016,SKAMANIA,710,408,1251,3329,5698,712,423,1287,3380,5802,0,0,0,0,0,0,0,0,0,0,62,0,21,17,12,0,1,4,0,0,1,0,0,0,0,92,1,80,0,15,53,187,13,2,0,0,0,0,0,0,0,0,0,0,0,1,32,0,0,7,11,0,0,3,0,29,0,1,0,0,0,0,1,0,7,94,0,2,0,0,0,0,0,0,0,0,0,0,0,0,0,3,1,1,0,0,0,1,0,0,0,0,0,0,0,0,0,6,0,0,0,1,1,1,2,11500
833,2012,SNOHOMISH,54947,28087,103098,174646,360777,57406,29462,109916,165339,362123,565,84,3392,7,1817,103,341,10329,16638,21,572,1,441,496,464,0,80,40,0,0,5,1,3,12,5,2753,0,691,38,498,1676,3942,58,29,351,25,364,1256,6,84,7513,66,171,2554,12390,0,0,0,0,0,0,0,0,0,0,0,0,0,0,0,0,0,0,0,0,0,0,0,1,56,14,67,210,0,18,904,11,22,561,1863,0,0,0,0,0,0,0,0,0,0,0,0,0,0,0,0,0,0,0,0,0,52,4,18,56,722900
834,2013,SNOHOMISH,55139,28032,103737,177474,364381,57704,29347,110661,168406,366119,677,76,4437,6,2778,128,387,13014,21503,14,807,0,552,653,416,3,106,56,0,0,11,1,3,5,6,4001,0,979,53,470,2620,5450,96,48,332,13,405,1017,8,89,7193,49,142,2708,11956,3,488,0,62,47,226,0,19,20,0,626,0,5,1,3,3,3,1,15,371,1994,84,17,6,50,0,44,132,0,12,773,9,26,453,1499,1,74,7,14,78,0,0,9,81,1,0,0,0,1,0,2,61,334,0,5,2,34,10,29,46,730500
835,2014,SNOHOMISH,55729,27917,104646,181403,369695,58193,29298,111660,172154,371305,659,76,4734,10,3096,151,338,14555,23619,15,805,0,511,579,520,1,87,71,0,0,6,0,1,6,5,4630,0,1014,46,570,3391,6214,125,45,316,17,362,1101,7,114,7198,56,123,2685,11979,0,433,0,61,58,323,0,27,25,0,543,0,2,0,1,4,1,0,16,555,2163,94,20,0,43,0,59,141,1,11,751,10,30,364,1410,1,89,2,12,50,0,0,9,43,0,0,0,0,0,0,5,74,290,1,4,1,28,7,15,36,741000
836,2015,SNOHOMISH,56443,28151,106703,186496,377793,58947,29588,113863,177409,379807,601,99,3265,10,2033,127,301,11593,18029,24,1668,0,1102,1362,1007,6,253,112,0,0,22,1,5,16,15,9153,4,2151,111,1128,6295,12432,327,102,261,12,274,939,7,60,5517,39,112,1892,9113,4,866,0,111,82,543,1,37,24,0,896,0,8,0,3,4,1,1,42,993,3863,223,24,0,29,3,33,93,0,13,594,10,22,276,1073,2,156,9,20,41,0,2,7,83,0,0,2,1,2,0,2,133,469,1,8,0,36,4,22,40,757600
837,2016,SNOHOMISH,57444,28521,107909,191362,385237,59928,29971,115252,182472,387623,0,0,0,0,0,0,0,0,0,97,6180,1,4208,5977,4788,21,915,461,0,0,84,1,14,33,49,33434,36,8168,395,5363,21820,46965,1395,490,0,0,0,0,0,0,0,0,0,0,0,12,3378,1,471,379,2464,0,149,52,0,4321,0,35,1,12,5,1,14,119,3462,16041,971,194,0,0,0,0,0,0,0,0,0,0,0,0,1,446,48,96,203,0,2,17,207,1,0,0,2,4,0,21,304,1404,11,41,1,24,9,20,34,772860
859,2012,SPOKANE,34811,18404,71037,116077,240329,36848,19139,73083,106201,235271,921,100,5962,17,2856,131,639,18489,29115,2,339,0,182,190,95,2,16,13,0,0,0,0,0,0,1,1169,0,392,18,102,759,1663,40,6,692,11,889,1065,10,235,10914,16,255,3514,17601,0,0,0,0,0,0,0,0,0,0,0,0,0,0,0,0,0,0,0,0,0,0,0,1,55,7,75,197,1,42,952,3,51,511,1894,0,0,0,0,0,0,0,0,0,0,0,0,0,0,0,0,0,0,0,0,0,22,8,11,30,475600
860,2013,SPOKANE,35184,18410,71676,117210,242482,37291,19120,73594,107514,237518,953,80,5813,16,3154,154,640,19665,30475,1,342,0,171,221,73,0,14,8,0,0,1,0,1,0,1,1116,5,392,13,83,696,1591,40,4,466,15,509,1070,14,131,8500,18,131,2881,13735,0,36,0,7,11,32,0,0,1,0,290,0,0,0,0,0,1,0,6,32,423,5,2,3,53,3,56,154,2,41,741,0,22,385,1457,0,10,0,8,11,0,0,0,18,0,0,0,0,0,0,3,9,60,0,1,1,40,10,14,51,480000
861,2014,SPOKANE,35450,18475,72080,118579,244584,37655,19254,73845,109162,239916,884,95,5336,14,3043,190,537,18640,28739,1,369,0,144,220,72,0,5,19,0,0,3,0,0,0,0,1108,10,436,12,89,726,1633,45,7,405,12,413,869,24,103,6859,17,139,2374,11215,0,48,0,11,14,19,0,0,2,0,232,0,1,0,0,0,0,0,0,18,358,7,6,0,31,12,59,115,0,38,736,0,16,282,1289,0,19,0,4,2,0,0,0,15,0,0,0,0,0,0,0,17,63,2,4,0,30,6,8,36,484500
862,2015,SPOKANE,35563,18582,72168,119831,246144,37696,19375,73888,111208,242166,884,88,4459,17,2418,208,446,17016,25536,1,355,1,165,219,126,2,15,29,0,0,2,0,0,1,2,1167,0,431,12,134,752,1732,44,6,336,7,434,840,17,112,12307,15,116,2045,16229,0,36,0,6,7,29,0,0,3,0,183,0,1,0,0,0,0,0,2,20,295,7,1,0,41,3,65,120,0,36,728,1,14,275,1283,0,10,0,3,11,0,0,0,11,1,0,0,0,0,0,0,12,50,0,2,0,32,9,5,41,488310
863,2016,SPOKANE,35971,18784,72154,121176,248085,37981,19558,73865,113040,244445,704,88,2997,9,1968,166,301,12719,25043,13,3806,0,1650,3111,493,16,229,293,0,0,292,0,7,11,13,13811,4,4904,105,609,8687,19324,495,99,285,6,266,465,9,68,7553,18,57,1085,9812,2,655,0,133,167,294,0,7,12,0,789,0,8,0,3,0,0,4,19,572,2902,201,36,0,13,3,37,52,1,15,494,0,12,134,761,0,78,18,24,36,0,0,3,55,0,0,0,0,0,0,4,80,305,0,7,1,19,3,9,23,492530
886,2012,STEVENS,2937,1839,4518,12579,21871,3103,1974,4562,12189,21829,0,0,0,0,0,0,0,0,0,1,443,0,304,247,100,0,8,35,0,0,8,0,0,0,2,1225,0,612,1,125,664,1962,126,23,12,0,27,14,1,7,278,1,0,76,416,0,0,0,0,0,0,0,0,0,0,0,0,0,0,0,0,0,0,0,0,0,0,0,0,1,0,8,4,0,1,17,0,0,3,34,0,0,0,0,0,0,0,0,0,0,0,0,0,0,0,0,0,0,0,0,0,2,0,0,2,43700
887,2013,STEVENS,2874,1797,4587,12654,21913,3090,1878,4682,12237,21887,0,0,0,0,0,0,0,0,0,2,428,0,277,172,58,0,8,44,0,0,4,0,2,0,2,1043,0,606,6,71,578,1720,128,11,0,0,0,0,0,0,0,0,0,0,0,1,190,0,18,15,16,0,3,3,0,219,0,1,0,2,0,0,0,5,107,611,21,10,0,0,0,0,0,0,0,0,0,0,0,0,0,10,1,0,6,0,0,0,12,0,0,0,0,0,0,0,9,38,0,0,0,3,0,3,3,43800
888,2014,STEVENS,2827,1755,4673,12748,22003,3008,1846,4749,12294,21897,0,0,0,0,0,0,0,0,0,1,408,0,297,251,59,0,5,46,0,0,8,0,1,0,1,1178,0,612,0,75,624,1865,149,15,0,0,0,0,0,0,0,0,0,0,0,0,144,0,15,13,19,0,1,2,0,170,0,6,0,1,0,0,0,0,85,484,23,5,0,0,0,0,0,0,0,0,0,0,0,0,0,7,2,1,1,0,0,0,2,0,0,0,0,0,0,0,4,17,0,0,0,2,0,1,2,43900
889,2015,STEVENS,2801,1713,4721,12808,22042,2981,1810,4806,12391,21988,0,0,0,0,0,0,0,0,0,0,438,0,311,219,62,0,7,50,0,0,3,0,4,0,1,1105,0,647,7,76,561,1828,152,13,0,0,0,0,0,0,0,0,0,0,0,0,140,0,14,10,10,0,0,3,0,86,0,1,0,0,0,0,0,3,70,359,18,4,0,0,0,0,0,0,0,0,0,0,0,0,0,5,0,3,5,0,0,0,3,0,0,0,0,0,0,0,5,21,0,0,0,5,1,0,6,44030
890,2016,STEVENS,2796,1679,4761,12853,22089,2955,1777,4858,12421,22011,0,0,0,0,0,0,0,0,0,2,358,0,295,212,52,0,11,32,0,0,5,0,1,0,3,1002,0,502,3,75,479,1579,106,20,0,0,0,0,0,0,0,0,0,0,0,0,64,0,20,6,2,0,0,0,0,83,0,2,0,0,0,0,0,1,55,257,20,4,0,0,0,0,0,0,0,0,0,0,0,0,0,4,1,1,0,0,0,0,2,0,0,0,0,0,0,0,1,9,0,0,0,3,1,0,4,44100
913,2012,THURSTON,18069,9639,37442,66423,131574,19305,10358,36798,58764,125226,146,5,883,9,222,59,60,3293,4677,22,759,0,1227,643,334,4,84,98,0,0,27,0,1,7,6,4716,0,1115,27,374,2709,6205,223,34,173,4,118,477,5,12,2794,12,38,954,4587,0,0,0,0,0,0,0,0,0,0,0,0,0,0,0,0,0,0,0,0,0,0,0,1,20,3,34,88,0,9,670,1,4,129,958,0,0,0,0,0,0,0,0,0,0,0,0,0,0,0,0,0,0,0,0,0,30,9,39,39,256800
914,2013,THURSTON,18265,9616,37798,67602,133282,19528,10330,37142,59816,126818,0,0,0,0,0,0,0,0,0,12,860,0,1145,632,182,2,65,83,0,0,21,0,5,17,7,4049,0,1220,33,219,2160,5488,234,30,0,0,0,0,0,0,0,0,0,0,0,2,642,0,126,78,192,0,18,12,0,1372,0,15,0,3,6,0,0,26,363,3027,152,20,0,0,0,0,0,0,0,0,0,0,0,0,1,86,14,17,41,0,0,4,67,0,0,0,0,2,0,2,38,275,0,3,0,25,6,24,31,260100
915,2014,THURSTON,18426,9694,38086,69082,135289,19817,10371,37381,61142,128711,0,0,0,0,0,0,0,0,0,31,2140,0,1878,1917,714,5,228,199,1,0,82,1,3,23,16,10978,14,3035,116,855,6803,14868,587,110,0,0,0,0,0,0,0,0,0,0,0,6,1049,0,197,181,330,0,44,16,0,3020,0,27,1,3,6,1,12,45,1062,6271,232,39,0,0,0,0,0,0,0,0,0,0,0,0,1,159,33,27,103,0,2,6,153,2,0,3,1,0,0,5,107,606,1,3,0,24,5,22,29,264000
916,2015,THURSTON,18570,9756,38139,70446,136912,19915,10451,37452,62680,130498,0,0,0,0,0,0,0,0,0,38,2232,0,1765,2053,709,7,314,217,0,0,73,0,3,10,15,11879,2,3225,118,837,7584,15941,690,111,0,0,0,0,0,0,0,0,0,0,0,8,1137,0,164,166,384,3,52,37,0,2608,0,21,0,2,4,2,0,48,1130,6075,280,29,0,0,0,0,0,0,0,0,0,0,0,0,4,151,28,26,43,1,1,3,117,1,0,0,1,0,0,4,77,469,4,8,0,25,4,21,29,267410
917,2016,THURSTON,18921,9954,38429,72279,139583,20250,10675,37705,64476,133107,0,0,0,0,0,0,0,0,0,20,2216,0,1604,2138,824,5,462,176,0,0,63,0,6,11,21,12170,1,3221,109,975,7832,16366,749,129,0,0,0,0,0,0,0,0,0,0,0,4,1093,2,198,156,416,0,65,26,0,2304,0,18,0,3,6,3,0,47,1140,5779,266,32,0,0,0,0,0,0,0,0,0,0,0,0,0,117,6,25,53,0,0,3,95,2,0,0,0,0,0,1,70,380,3,5,0,16,2,11,18,272690
940,2012,WAHKIAKUM,219,135,304,1349,2007,208,139,353,1318,2018,0,0,0,0,0,0,0,0,0,0,21,0,7,3,7,0,0,2,0,0,0,0,0,1,0,24,0,29,0,8,14,61,5,1,0,0,0,0,0,0,0,0,0,0,0,0,0,0,0,0,0,0,0,0,0,0,0,0,0,0,0,0,0,0,0,0,0,0,0,0,0,0,0,0,0,0,0,0,0,0,0,0,0,0,0,0,0,0,0,0,0,0,0,0,0,0,0,0,0,0,0,2,0,0,2,4025
941,2013,WAHKIAKUM,224,136,302,1353,2012,203,129,359,1317,2008,0,0,0,0,0,0,0,0,0,0,25,0,9,7,12,0,0,5,0,0,0,0,0,1,0,35,0,31,0,12,19,78,0,0,0,0,0,0,0,0,0,0,0,0,0,0,0,0,0,0,0,0,0,0,0,0,0,0,0,0,0,0,0,0,0,0,0,0,0,0,0,0,0,0,0,0,0,0,0,0,0,0,0,0,0,0,0,0,0,0,0,0,0,0,0,0,0,0,0,0,0,1,0,0,1,4020
942,2014,WAHKIAKUM,221,131,303,1350,2005,198,134,363,1309,2005,0,0,0,0,0,0,0,0,0,0,36,0,15,10,7,0,1,0,0,0,1,0,0,0,1,53,0,47,0,12,27,112,10,4,0,0,0,0,0,0,0,0,0,0,0,0,0,0,0,0,0,0,0,0,0,3,0,0,0,0,0,0,0,0,0,3,0,0,0,0,0,0,0,0,0,0,0,0,0,0,0,0,0,0,0,0,0,0,1,0,0,0,0,0,0,0,0,1,0,0,0,1,0,0,1,4010
943,2015,WAHKIAKUM,210,126,305,1347,1988,191,129,370,1302,1992,0,0,0,0,0,0,0,0,0,0,43,0,23,16,5,0,3,2,0,0,0,0,0,0,0,81,0,55,0,6,39,142,10,1,0,0,0,0,0,0,0,0,0,0,0,0,18,0,3,3,3,0,0,0,0,17,0,0,0,0,0,0,0,0,6,56,5,1,0,0,0,0,0,0,0,0,0,0,0,0,0,8,3,0,0,0,0,0,0,0,0,0,0,0,0,0,4,15,0,0,0,0,0,1,0,3980
944,2016,WAHKIAKUM,212,123,310,1362,2007,188,127,374,1303,1993,0,0,0,0,0,0,0,0,0,0,55,0,14,15,2,0,0,2,0,0,0,0,0,2,0,68,0,67,0,2,39,137,8,0,0,0,0,0,0,0,0,0,0,0,0,0,27,0,4,1,1,0,1,0,0,42,0,0,0,0,0,0,0,0,3,84,5,0,0,0,0,0,0,0,0,0,0,0,0,0,0,0,0,0,0,0,0,1,1,0,0,0,0,0,0,0,0,2,0,0,0,1,1,0,2,4000
967,2012,WALLA WALLA,4141,2312,8397,14231,29081,4330,2260,10112,13317,30019,0,0,0,0,0,0,0,0,0,4,206,0,176,174,123,2,4,15,0,0,2,0,1,1,2,953,0,262,4,139,589,1354,37,14,35,0,34,137,1,7,735,2,6,216,1173,0,0,0,0,0,0,0,0,0,0,0,0,0,0,0,0,0,0,0,0,0,0,0,0,7,0,10,28,0,2,262,1,1,67,378,0,0,0,0,0,0,0,0,0,0,0,0,0,0,0,0,0,0,0,0,0,6,3,4,9,59100
968,2013,WALLA WALLA,4167,2381,8301,14534,29382,4379,2305,9929,13505,30118,0,0,0,0,0,0,0,0,0,15,531,0,409,821,255,0,24,33,0,0,19,0,0,3,3,3179,0,696,16,288,1894,4163,110,30,0,0,0,0,0,0,0,0,0,0,0,0,201,0,35,35,109,0,0,1,0,452,0,0,0,0,0,0,0,5,295,1180,37,10,0,0,0,0,0,0,0,0,0,0,0,0,0,37,8,12,28,0,0,1,25,0,0,0,0,0,0,0,93,208,0,4,0,15,1,3,16,59500
969,2014,WALLA WALLA,4200,2374,8392,14753,29719,4387,2311,10070,13663,30431,0,0,0,0,0,0,0,0,0,23,591,0,408,801,288,5,43,40,0,0,12,0,2,4,8,3199,0,738,14,337,1905,4274,89,41,0,0,0,0,0,0,0,0,0,0,0,1,211,0,55,43,151,0,11,4,0,427,0,0,0,2,0,2,0,4,367,1318,23,17,0,0,0,0,0,0,0,0,0,0,0,0,0,55,13,15,26,0,0,1,22,0,0,1,0,0,0,0,57,194,0,4,0,10,1,1,11,60150
970,2015,WALLA WALLA,4192,2379,8452,14919,29943,4385,2332,10150,13840,30707,0,0,0,0,0,0,0,0,0,30,577,0,377,730,225,3,35,61,0,0,12,0,4,9,8,3183,1,804,24,272,1984,4259,141,38,0,0,0,0,0,0,0,0,0,0,0,1,211,0,31,31,106,0,3,11,0,299,0,2,0,1,0,0,0,13,263,1053,76,5,0,0,0,0,0,0,0,0,0,0,0,0,1,30,12,17,12,0,0,3,16,0,0,0,0,0,0,2,45,141,0,3,0,12,2,1,14,60650
971,2016,WALLA WALLA,4218,2429,8167,15265,30080,4410,2360,9773,14107,30650,0,0,0,0,0,0,0,0,0,20,560,0,355,796,251,6,60,54,0,0,20,0,2,5,12,3221,0,856,21,310,1963,4387,215,47,0,0,0,0,0,0,0,0,0,0,0,0,188,0,36,44,116,0,0,5,0,362,0,6,0,1,0,0,0,11,210,1070,68,23,0,0,0,0,0,0,0,0,0,0,0,0,1,20,3,8,16,0,0,1,20,0,0,0,0,0,0,0,30,100,0,1,0,9,2,5,11,60730
994,2012,WHATCOM,13192,7592,32704,49120,102608,14055,7627,33491,45719,100892,282,11,411,1,67,38,7,648,1465,13,1345,0,869,2110,863,1,183,108,0,0,34,0,4,9,2,8440,16,1752,56,963,5208,11155,252,82,296,5,136,532,2,21,2918,21,20,814,4765,0,0,0,0,0,0,0,0,0,0,0,0,0,0,0,0,0,0,0,0,0,0,0,0,19,1,22,79,0,5,443,4,5,156,734,0,0,0,0,0,0,0,0,0,0,0,0,0,0,0,0,0,0,0,0,1,11,3,4,15,203500
995,2013,WHATCOM,13251,7639,32887,49881,103658,14211,7641,33737,46553,102142,115,10,417,0,85,30,12,828,1497,11,1227,0,862,1925,658,1,240,117,0,0,41,0,2,7,7,8478,32,1656,55,769,5384,10903,262,72,96,3,41,126,0,10,1179,7,9,88,1559,1,459,0,117,144,266,0,20,7,0,1519,0,13,0,3,2,0,2,36,1219,3982,156,18,2,1,1,5,6,0,4,197,1,0,4,219,0,54,20,53,68,0,0,7,99,0,0,0,0,0,1,3,204,517,1,7,2,20,3,1,25,205800
996,2014,WHATCOM,13331,7648,32937,50639,104555,14262,7674,33765,47344,103045,0,0,0,0,0,0,0,0,0,22,1718,0,1410,2335,843,2,320,160,0,0,46,1,2,9,12,11195,30,2415,86,1019,7020,14629,479,134,0,0,0,0,0,0,0,0,0,0,0,2,782,0,203,167,419,0,32,42,0,1685,0,24,0,1,5,3,6,47,1329,5028,222,59,0,0,0,0,0,0,0,0,0,0,0,0,1,62,16,31,78,0,1,3,117,0,0,0,1,1,0,6,208,532,0,7,0,8,5,0,13,207600
997,2015,WHATCOM,13416,7650,32967,51508,105541,14284,7716,33741,48507,104249,0,0,0,0,0,0,0,0,0,16,1751,0,1147,2161,755,4,219,160,0,0,37,1,6,18,22,10165,13,2390,63,882,6555,13437,417,92,0,0,0,0,0,0,0,0,0,0,0,2,773,0,166,149,397,0,27,27,0,1498,0,15,0,6,6,1,0,39,1106,4449,207,30,0,0,0,0,0,0,0,0,0,0,0,0,0,75,21,26,53,0,0,3,99,2,0,0,0,1,0,6,135,427,2,4,0,9,4,2,13,209790
998,2016,WHATCOM,13620,7558,32767,52877,106822,14520,7660,33579,49959,105718,0,0,0,0,0,0,0,0,0,32,1793,1,1388,2259,822,3,205,200,0,0,53,0,4,22,24,10902,9,2470,69,976,6945,14348,398,121,0,0,0,0,0,0,0,0,0,0,0,6,786,1,199,163,444,0,17,39,0,1379,0,21,2,1,3,4,3,34,1199,4537,196,40,0,0,0,0,0,0,0,0,0,0,0,0,0,44,14,8,37,0,0,3,91,0,0,0,2,1,0,7,107,315,0,1,0,17,2,4,19,212540
1021,2012,WHITMAN,1995,1796,12340,6537,22671,2142,1665,13358,6115,23279,0,0,0,0,0,0,0,0,0,7,321,0,172,462,535,0,10,39,0,0,0,0,1,0,0,1505,1,361,6,583,848,2449,0,47,1,0,25,159,2,5,952,2,0,53,1199,0,0,0,0,0,0,0,0,0,0,0,0,0,0,0,0,0,0,0,0,0,0,0,0,0,0,0,9,0,3,25,0,0,7,44,0,0,0,0,0,0,0,0,0,0,0,0,0,0,0,0,0,0,0,0,0,2,0,0,2,45950
1022,2013,WHITMAN,2105,1643,12257,6659,22665,2264,1527,13324,6220,23335,0,0,0,0,0,0,0,0,0,0,320,0,161,348,303,0,15,25,0,0,2,0,0,5,0,1225,0,352,4,328,697,1905,0,25,0,0,0,0,0,0,0,0,0,0,0,0,125,0,26,24,91,0,1,3,0,750,0,2,0,1,3,0,0,7,92,1132,0,7,0,0,0,0,0,0,0,0,0,0,0,0,0,15,2,5,6,0,0,2,9,1,0,0,0,0,0,0,9,50,0,1,0,2,1,0,3,46000
1023,2014,WHITMAN,2169,1775,12273,6670,22887,2322,1641,13394,6255,23613,0,0,0,0,0,0,0,0,0,6,389,0,189,369,337,3,13,26,0,0,0,0,0,1,3,1360,0,416,3,373,777,2149,0,33,0,0,0,0,0,0,0,0,0,0,0,0,166,0,30,46,85,0,6,8,0,809,0,0,0,0,0,0,0,0,104,1258,0,4,0,0,0,0,0,0,0,0,0,0,0,0,1,11,11,0,9,0,0,1,19,0,0,0,0,1,0,0,24,80,0,3,0,0,0,1,0,46500
1024,2015,WHITMAN,2198,1802,12571,6619,23190,2348,1661,13794,6256,24060,0,0,0,0,0,0,0,0,0,4,395,1,173,312,221,0,5,26,0,0,0,1,1,0,5,1086,0,423,6,262,585,1771,0,36,0,0,0,0,0,0,0,0,0,0,0,1,153,0,21,38,129,0,0,7,0,887,0,0,1,1,0,1,0,1,74,1325,0,11,0,0,0,0,0,0,0,0,0,0,0,0,0,14,5,2,5,0,0,1,20,0,0,0,2,0,0,0,8,60,0,3,0,0,0,0,0,47250
1025,2016,WHITMAN,2247,1756,13192,6672,23867,2400,1624,13687,6362,24073,0,0,0,0,0,0,0,0,0,2,360,0,123,227,156,6,13,50,0,0,1,0,0,1,5,784,2,412,9,189,404,1385,0,26,0,0,0,0,0,0,0,0,0,0,0,0,179,0,29,29,82,0,2,13,0,713,0,3,0,0,1,0,1,3,108,1174,0,11,0,0,0,0,0,0,0,0,0,0,0,0,0,12,4,2,5,0,0,6,15,0,0,0,0,0,0,0,9,53,0,0,0,1,1,0,2,47940
1048,2012,YAKIMA,24854,10961,35205,52180,123199,26480,12010,35575,48736,122801,0,0,0,0,0,0,0,0,0,21,2677,1,2129,2706,1298,0,72,220,0,0,23,0,12,15,4,12171,11,3650,191,1572,7051,17393,703,259,136,5,139,380,16,35,4432,23,49,818,6033,0,0,0,0,0,0,0,0,0,0,0,0,0,0,0,0,0,0,0,0,0,0,0,0,19,5,46,119,0,15,562,3,3,165,937,0,0,0,0,0,0,0,0,0,0,0,0,0,0,0,0,0,0,0,0,3,24,13,14,40,246000
1049,2013,YAKIMA,25160,10884,34972,53154,124171,27070,12003,34944,49063,123079,0,0,0,0,0,0,0,0,0,37,3174,1,2238,3409,947,0,47,256,0,0,24,1,16,16,5,12880,92,4401,190,1319,6958,18600,914,275,0,0,0,0,0,0,0,0,0,0,0,6,1512,1,145,338,498,0,31,57,0,3327,0,36,0,20,0,1,79,62,1036,7807,567,91,2,0,0,0,0,0,0,0,0,0,0,0,1,186,62,92,109,0,1,12,330,1,0,2,0,0,0,15,123,947,3,10,4,30,5,14,39,247250
1050,2014,YAKIMA,25349,11016,34722,53941,125028,27403,12037,34667,49665,123772,0,0,0,0,0,0,0,0,0,53,3146,0,2102,2863,742,0,68,289,1,0,43,0,7,16,6,12261,5,4368,152,1014,7023,17643,867,260,0,0,0,0,0,0,0,0,0,0,0,4,1503,1,134,351,372,0,44,64,0,3010,0,25,0,12,0,0,3,50,1296,7461,511,81,0,0,0,0,0,0,0,0,0,0,0,0,7,176,37,76,114,0,2,9,257,5,0,1,0,0,0,10,208,930,6,22,2,27,7,11,36,248800
1051,2015,YAKIMA,25573,10945,34165,55056,125738,28008,12162,33581,50480,124232,0,0,0,0,0,0,0,0,0,48,3530,0,2277,2842,754,9,72,296,0,0,66,0,21,13,17,12943,7,5166,193,1069,7502,19178,1240,291,0,0,0,0,0,0,0,0,0,0,0,10,1775,2,150,347,391,0,42,62,0,3351,0,35,1,15,1,2,6,68,1477,8610,782,93,0,0,0,0,0,0,0,0,0,0,0,0,0,200,37,80,112,0,0,6,267,2,0,2,0,0,0,9,249,991,7,20,1,30,9,12,40,249970
1052,2016,YAKIMA,25991,10803,33404,56251,126449,28958,12300,32163,51030,124451,0,0,0,0,0,0,0,0,0,50,3686,0,2051,3098,785,8,88,321,0,0,56,1,20,11,28,13439,5,5132,188,1142,7956,19713,1037,324,0,0,0,0,0,0,0,0,0,0,0,7,1885,2,178,415,430,0,77,65,0,2627,0,39,0,18,0,2,2,65,1355,7901,659,75,0,0,0,0,0,0,0,0,0,0,0,0,1,218,19,85,98,0,0,12,206,1,0,2,0,1,1,9,218,889,5,13,2,31,8,12,41,250900
